timestamp,AAPL,MSFT,GOOG,AMZN,NVDA,META,TSLA,JPM,BAC,GS,JNJ,PFE,LLY,XOM,CVX,PG,KO,PEP,MCD,SBUX,BA,CAT,DUK,DD,WMT
2024-02-12 05:00:00,187.15,415.26,148.73,172.34,72.248,468.9,188.13,175.79,33.62,392.64,157.85,27.66,737.26,103.17,152.08,157.11,59.7,170.61,289.44,95.47,209.33,321.63,92.65,28.6485,56.7667
2024-02-13 05:00:00,185.04,406.32,146.37,168.64,72.128,460.12,184.02,174.26,32.75,378.75,156.47,26.97,742.97,101.34,150.6,156.27,59.35,168.88,287.11,93.87,204.46,312.84,91.61,27.9665,56.38
2024-02-14 05:00:00,184.15,409.49,147.14,170.98,73.9,473.28,188.71,176.03,33.13,378.04,155.74,27.11,757.31,100.84,151.01,155.63,59.29,167.52,288.17,94.07,203.38,316.71,91.34,28.3054,56.2
2024-02-15 05:00:00,183.86,406.56,143.94,169.8,72.658,484.03,200.45,179.87,34.07,385.42,157.92,27.51,757.78,103.73,154.46,157.01,59.4,167.86,291.86,93.22,205.33,323.07,92.36,28.6402,56.43
2024-02-16 05:00:00,182.31,404.06,141.76,169.51,72.613,473.32,199.95,179.03,34.09,384.44,156.55,27.62,782.06,103.73,154.63,157.51,59.39,166.32,292.02,93.22,203.89,321.91,91.88,28.6402,56.7867
2024-02-20 05:00:00,181.56,402.79,142.2,167.08,69.452,471.75,193.76,179.73,33.96,384.52,157.86,27.59,755.66,102.75,154.0,158.51,60.7,168.65,292.65,93.46,203.37,313.74,91.94,28.4393,58.62
2024-02-21 05:00:00,182.32,402.18,143.84,168.59,67.472,468.03,194.77,180.9,33.7,388.27,158.68,27.67,745.91,104.85,155.44,160.4,61.24,168.83,293.91,95.02,201.57,317.14,92.99,28.8954,57.9
2024-02-22 05:00:00,184.37,411.65,145.32,174.58,78.538,486.13,197.41,183.07,33.61,390.47,160.45,27.55,769.64,104.76,155.43,160.56,61.15,168.25,295.92,95.78,201.5,322.09,92.13,29.2594,58.47
2024-02-23 05:00:00,182.52,410.34,145.29,174.99,78.817,484.03,191.97,183.99,33.92,391.05,161.84,27.76,769.54,103.84,154.66,161.03,61.2,169.6,297.75,95.62,200.83,323.88,92.73,29.272,58.52
2024-02-26 05:00:00,181.16,407.54,138.75,174.73,79.092,481.74,199.4,183.36,33.61,390.22,160.79,27.18,771.92,104.25,154.45,160.22,60.71,168.26,297.12,94.28,200.54,325.38,90.65,29.251,59.6
2024-02-27 05:00:00,182.63,407.48,140.1,173.54,78.701,487.05,199.73,183.45,34.28,390.81,160.98,26.89,765.0,104.03,152.16,159.3,60.34,168.16,293.76,94.13,201.4,327.63,90.85,29.1213,59.59
2024-02-28 05:00:00,181.42,407.72,137.43,173.16,77.663,484.02,202.04,184.38,34.31,393.18,161.55,27.04,757.64,104.32,152.34,160.05,60.4,167.03,295.19,93.0,207.0,329.56,90.74,29.1339,59.62
2024-02-29 05:00:00,180.75,413.64,139.78,176.76,79.112,490.13,201.88,186.06,34.52,389.05,161.38,26.56,753.68,104.52,152.01,158.94,60.02,165.34,292.28,94.9,203.72,333.96,91.83,28.9498,58.61
2024-03-01 05:00:00,179.66,415.5,138.08,178.22,82.279,502.3,202.64,185.29,34.35,388.1,162.12,26.59,782.12,105.84,152.81,158.85,59.53,164.59,290.73,93.16,200.0,336.7,90.86,29.1046,58.76
2024-03-04 05:00:00,175.1,414.92,134.2,177.58,85.237,498.19,188.14,186.68,35.15,392.25,159.84,25.89,792.28,104.36,148.88,159.56,59.81,165.37,290.94,92.46,200.54,338.65,92.42,29.1381,59.3
2024-03-05 05:00:00,170.12,402.65,133.78,174.12,85.964,490.22,180.74,188.55,35.39,390.91,159.97,26.08,777.59,105.64,149.59,159.32,59.52,162.04,292.54,91.22,201.14,333.53,92.69,28.8703,60.04
2024-03-06 05:00:00,169.12,402.09,132.56,173.51,88.7,496.09,176.54,189.53,35.42,389.57,159.34,27.19,779.77,106.77,148.33,159.57,59.55,163.0,292.93,91.65,201.0,335.63,94.07,29.4059,60.57
2024-03-07 05:00:00,169.0,409.14,135.24,176.82,92.669,512.19,178.65,187.87,35.63,388.43,158.87,26.79,780.16,107.37,149.37,160.62,59.44,163.11,291.11,90.95,203.03,340.22,94.48,29.7866,60.36
2024-03-08 05:00:00,170.73,406.22,136.29,175.35,87.528,505.95,175.34,188.22,35.6,386.99,159.52,27.22,762.14,108.38,149.88,160.35,59.52,163.05,292.55,91.06,198.49,339.19,94.94,29.8745,60.12
2024-03-11 04:00:00,172.75,404.52,138.94,171.96,85.774,483.59,177.77,188.29,35.89,386.16,161.23,28.37,734.37,109.02,152.0,161.55,60.24,164.73,294.82,92.07,192.49,334.97,95.84,30.1883,60.66
2024-03-12 04:00:00,173.23,415.28,139.62,175.39,91.913,499.75,177.54,189.84,35.96,388.18,162.74,28.01,754.95,108.32,151.89,161.93,60.5,164.54,294.31,92.4,184.24,337.24,95.01,30.1423,61.41
2024-03-13 04:00:00,171.13,415.1,140.77,176.555,90.888,495.57,169.48,191.38,36.08,392.31,161.1,28.22,757.84,109.53,153.89,162.3,61.12,165.3,282.86,91.61,182.35,341.52,95.5,30.8703,61.28
2024-03-14 04:00:00,173.0,425.22,144.34,178.75,87.944,491.83,162.5,187.97,35.69,388.61,159.21,28.13,760.73,111.47,155.7,161.5,60.5,164.78,281.73,91.66,181.15,341.92,95.05,30.8828,61.02
2024-03-15 04:00:00,172.62,416.42,142.17,174.42,87.8365,484.1,163.57,190.3,35.41,387.21,158.18,27.94,754.17,111.27,155.55,161.38,59.88,164.66,279.14,90.12,182.53,346.97,94.71,30.7238,60.68
2024-03-18 04:00:00,173.72,417.32,148.48,174.48,88.455,496.98,173.8,192.66,36.01,384.37,156.76,27.72,762.66,112.3,155.41,161.21,60.13,171.26,278.58,91.01,179.84,351.9,94.94,30.7615,60.86
2024-03-19 04:00:00,176.08,421.41,147.92,175.9,89.398,496.24,171.32,193.79,36.03,388.66,156.21,27.63,772.78,113.09,156.62,161.83,60.23,171.8,282.87,91.59,181.14,353.9,95.14,30.8452,60.87
2024-03-20 04:00:00,178.67,425.23,149.68,178.15,90.372,505.52,175.66,196.33,36.75,396.47,155.76,27.7,772.86,112.99,154.55,161.99,60.75,171.86,284.45,92.6,187.78,356.45,95.41,31.1757,61.25
2024-03-21 04:00:00,171.37,429.37,148.74,178.15,91.435,507.76,172.82,199.06,37.51,413.71,155.75,27.66,770.26,113.49,154.86,161.86,60.47,172.45,283.53,91.66,187.7,364.56,94.96,31.4059,61.45
2024-03-22 04:00:00,172.28,428.74,151.77,178.87,94.289,509.58,170.83,196.62,37.05,406.82,155.23,27.36,770.61,113.49,154.66,161.66,60.49,172.02,282.63,90.71,188.85,358.11,94.61,31.6904,60.87
2024-03-25 04:00:00,170.85,422.86,151.15,179.71,95.002,503.02,172.63,194.82,36.86,404.94,155.22,27.43,773.14,114.65,156.47,160.19,60.4,172.6,278.62,90.67,191.41,355.95,94.84,31.7741,60.57
2024-03-26 04:00:00,169.71,421.65,151.7,178.3,92.561,495.89,177.67,195.73,37.09,406.18,155.77,27.59,774.9,113.79,155.27,160.55,60.54,172.73,278.62,90.36,187.5,356.39,93.67,31.6067,60.51
2024-03-27 04:00:00,173.31,421.43,151.94,179.83,90.25,493.86,179.83,199.52,37.81,415.25,157.96,27.78,778.18,114.97,156.35,162.61,61.03,173.57,282.02,91.5,191.95,364.65,96.09,32.0084,60.72
2024-03-28 04:00:00,171.48,420.72,152.26,180.38,90.356,485.58,175.79,200.3,37.92,417.69,158.19,27.75,777.96,116.24,157.74,162.25,61.18,175.01,281.95,91.39,192.99,366.43,96.71,32.0795,60.17
2024-04-01 04:00:00,170.03,424.57,156.5,180.97,90.363,491.35,175.22,198.94,37.52,413.51,157.78,27.72,760.55,116.99,159.08,160.58,60.68,172.98,280.22,91.53,189.5,363.74,96.07,32.3013,60.0
2024-04-02 04:00:00,168.84,421.44,155.87,180.69,89.452,497.37,166.63,198.86,37.3,410.15,157.73,27.55,763.96,119.28,159.78,160.57,60.15,171.44,277.74,89.3,188.04,364.83,96.54,32.1464,59.16
2024-04-03 04:00:00,169.65,420.45,156.37,182.41,88.964,506.74,168.38,198.3,37.44,414.0,154.26,27.22,775.99,119.3,160.44,156.15,59.83,169.68,275.54,88.7,184.92,375.79,95.97,32.2678,59.43
2024-04-04 04:00:00,168.82,417.88,151.94,180.0,85.905,510.92,171.11,195.65,36.92,406.25,152.5,26.65,768.08,119.72,160.69,155.45,59.3,169.65,270.09,87.62,183.29,369.79,96.12,31.6946,59.5
2024-04-05 04:00:00,169.58,425.52,153.94,185.07,88.008,527.34,164.9,197.45,37.11,408.07,152.39,26.66,784.21,121.37,161.6,156.1,59.51,169.14,266.69,86.85,183.14,379.3,95.91,31.6025,59.85
2024-04-08 04:00:00,168.45,424.59,156.14,185.19,87.133,519.25,172.98,198.48,37.5,410.54,151.59,26.58,777.29,120.55,161.27,156.04,59.27,169.58,267.56,87.19,181.56,373.47,96.31,31.9163,59.78
2024-04-09 04:00:00,169.67,426.28,158.14,185.67,85.354,516.9,176.88,197.15,37.73,410.71,152.29,26.78,757.24,121.18,162.0,156.66,59.72,170.61,269.44,87.13,178.12,371.9,97.32,32.3347,59.79
2024-04-10 04:00:00,167.78,423.26,157.66,185.95,87.039,519.83,171.76,195.47,36.65,400.76,150.2,26.32,761.98,122.2,162.67,157.24,58.92,168.95,268.67,85.95,174.63,372.07,95.41,31.8787,60.62
2024-04-11 04:00:00,175.04,427.93,160.79,189.05,90.616,523.16,174.6,195.43,36.35,397.48,148.79,26.34,759.59,121.79,161.89,155.84,59.05,168.36,268.62,85.9,173.36,371.98,95.29,31.8996,60.09
2024-04-12 04:00:00,176.55,421.9,159.19,186.13,88.186,511.9,171.05,182.79,35.79,389.49,147.52,25.86,751.64,120.37,158.96,155.33,58.28,168.1,267.39,84.92,169.55,365.63,94.9,30.8787,60.14
2024-04-15 04:00:00,172.69,413.64,156.33,183.62,86.001,500.23,161.48,182.89,35.95,400.88,147.59,25.91,750.77,119.68,157.59,155.45,58.14,166.95,266.23,85.17,167.82,363.91,94.13,30.728,59.93
2024-04-16 04:00:00,169.38,414.58,156.0,183.32,87.415,499.76,157.11,180.8,34.68,396.86,144.45,25.69,746.74,118.69,156.28,155.95,58.06,167.5,265.43,85.42,170.55,359.88,92.87,30.364,59.84
2024-04-17 04:00:00,168.0,411.84,156.88,181.28,84.035,494.17,155.45,180.08,35.23,403.91,144.77,25.42,750.77,118.63,156.4,156.96,58.51,169.48,269.95,86.21,170.21,358.32,94.5,30.5816,59.65
2024-04-18 04:00:00,167.04,404.27,157.46,179.22,84.671,501.8,149.93,181.25,35.77,403.11,145.74,25.39,745.95,118.52,157.57,157.29,58.91,172.27,270.98,87.15,170.23,357.93,95.93,30.7657,59.26
2024-04-19 04:00:00,165.0,399.12,155.72,174.63,76.2,481.07,147.05,185.8,36.97,404.0,147.91,26.0,726.31,119.88,160.0,158.14,60.17,174.13,271.99,87.61,169.82,354.66,98.24,30.9163,59.53
2024-04-22 04:00:00,165.84,400.96,157.95,177.23,79.518,481.73,142.05,189.41,37.73,417.35,149.12,26.26,731.33,120.56,161.92,160.54,60.55,176.46,275.58,88.18,170.48,357.61,98.12,30.9247,60.14
2024-04-23 04:00:00,166.9,407.57,159.92,179.54,82.423,496.1,144.68,192.14,38.37,424.0,149.56,26.32,745.69,121.03,162.85,161.5,60.64,171.22,276.88,87.87,169.18,363.25,98.2,30.8787,59.09
2024-04-24 04:00:00,169.02,409.06,161.1,176.59,79.677,493.5,162.13,193.08,38.32,423.04,148.53,26.27,732.2,121.05,163.57,162.6,61.55,177.41,276.75,88.75,164.33,363.52,98.96,30.9456,59.87
2024-04-25 04:00:00,169.89,399.04,157.95,173.67,82.632,441.38,170.18,193.37,37.91,420.05,146.82,25.26,724.87,121.33,165.28,162.55,61.74,176.68,275.6,87.84,166.81,338.0,99.03,30.7531,60.21
2024-04-26 04:00:00,169.3,406.32,173.69,179.62,87.735,443.29,168.29,193.49,37.83,427.57,146.14,25.4,733.51,117.96,165.89,161.29,61.74,175.58,273.09,88.25,167.22,343.38,97.71,30.841,60.16
2024-04-29 04:00:00,173.5,402.25,167.9,180.96,87.757,432.62,194.05,193.28,37.55,430.81,146.82,25.64,737.2,119.64,166.33,161.66,62.04,176.14,273.55,88.33,173.49,349.8,98.73,30.9205,60.24
2024-04-30 04:00:00,170.33,389.33,164.64,175.0,86.402,430.17,183.28,191.74,37.01,426.71,144.59,25.62,781.1,118.27,161.27,163.2,61.77,175.91,273.04,88.49,167.84,334.57,98.26,30.3347,59.35
2024-05-01 04:00:00,169.3,394.94,165.57,179.0,83.041,439.19,179.99,191.86,36.95,426.95,151.18,27.18,776.75,116.03,159.63,163.4,61.93,175.15,274.43,74.44,171.46,331.07,99.78,32.7657,58.85
2024-05-02 04:00:00,173.03,397.84,168.46,184.72,85.817,441.68,180.01,191.66,36.88,432.57,149.92,27.7,755.91,116.24,160.73,163.84,61.99,175.45,273.28,74.93,178.85,335.44,99.31,32.5314,59.71
2024-05-03 04:00:00,183.38,406.66,168.99,186.21,88.789,451.96,181.19,190.51,37.25,438.18,149.27,27.81,734.97,116.0,160.25,164.46,62.17,176.15,270.32,73.11,179.79,336.75,100.26,32.4979,59.82
2024-05-06 04:00:00,181.71,413.54,169.83,188.7,92.14,465.68,184.76,192.0,37.69,443.67,148.58,28.16,766.68,116.75,162.3,164.44,62.35,175.82,269.3,72.9,178.35,342.1,100.42,32.8577,59.87
2024-05-07 04:00:00,182.4,409.34,172.98,188.76,90.554,468.24,177.81,191.75,37.84,443.8,148.72,27.77,777.77,116.17,162.67,165.76,62.62,178.02,267.5,72.5,176.71,345.0,102.26,33.1757,60.62
2024-05-08 04:00:00,182.74,410.54,171.16,188.0,90.412,472.6,174.72,195.65,37.71,446.95,148.95,28.27,775.0,116.15,162.54,165.07,62.85,177.41,268.49,73.5,180.35,344.5,102.38,32.7197,60.3
2024-05-09 04:00:00,184.57,412.32,171.58,189.5,88.747,475.42,171.97,197.5,38.28,455.56,149.85,28.18,771.55,118.44,165.45,166.04,62.88,178.06,267.95,75.68,181.25,351.78,103.02,32.9707,60.44
2024-05-10 04:00:00,183.05,414.74,170.29,187.48,89.878,476.2,168.47,198.77,38.45,454.73,149.91,28.01,760.0,117.96,165.82,166.85,63.26,179.79,275.0,76.11,178.51,354.79,102.67,32.954,60.48
2024-05-13 04:00:00,186.28,413.72,170.9,186.57,90.399,468.01,171.89,198.73,38.21,453.56,151.22,28.44,757.7,117.91,164.53,165.87,63.58,180.9,271.32,76.18,178.44,356.68,102.89,33.0,60.41
2024-05-14 04:00:00,187.43,416.56,171.93,187.07,91.356,471.85,177.55,201.51,38.49,458.47,151.38,28.38,763.98,117.67,163.61,165.76,63.1,179.87,270.66,75.63,180.76,358.18,102.31,32.7824,59.86
2024-05-15 04:00:00,189.72,423.08,173.88,185.99,94.63,481.54,173.99,202.11,38.91,466.09,152.67,28.82,787.02,118.58,163.05,166.51,63.13,179.46,273.87,75.7,176.99,360.04,103.35,32.728,59.83
2024-05-16 04:00:00,189.84,420.99,175.43,183.63,94.359,473.23,174.84,202.47,39.22,464.52,154.28,28.92,771.12,117.87,161.09,167.86,63.32,183.11,273.51,75.28,182.96,350.72,102.84,32.4561,64.01
2024-05-17 04:00:00,189.87,420.21,177.29,184.7,92.479,471.91,177.46,204.79,39.29,467.72,154.64,28.64,770.0,119.64,162.67,167.64,63.03,182.19,272.38,77.85,184.95,356.27,103.89,33.4351,64.65
2024-05-20 04:00:00,191.04,425.34,178.46,183.54,94.78,468.84,174.95,195.58,38.82,462.94,151.27,28.53,783.18,118.67,161.14,167.31,62.57,180.31,267.87,77.54,186.61,362.75,103.66,33.4184,64.18
2024-05-21 04:00:00,192.35,429.04,179.54,183.15,95.386,464.63,186.6,199.52,39.65,470.41,151.24,28.56,803.17,117.85,159.97,168.35,62.91,181.08,265.87,77.72,184.78,359.07,104.38,33.272,65.15
2024-05-22 04:00:00,190.9,430.52,178.0,183.13,94.95,467.78,180.11,198.31,39.76,462.38,153.5,29.6,802.91,115.48,157.57,167.81,63.0,182.09,265.77,80.72,186.28,355.94,103.44,32.8661,65.25
2024-05-23 04:00:00,186.88,427.0,175.06,181.05,103.799,465.78,173.74,196.92,39.17,458.15,149.7,28.69,808.45,113.51,156.94,165.49,62.09,179.27,257.93,78.305,172.21,350.7,101.79,33.0251,64.84
2024-05-24 04:00:00,189.98,430.16,176.33,180.75,106.469,478.22,179.24,200.71,39.7,461.18,146.97,28.88,807.43,113.42,157.75,165.33,62.0,177.99,258.11,78.87,174.52,348.9,102.17,33.9414,65.38
2024-05-28 04:00:00,189.99,430.32,178.02,182.15,113.901,479.92,176.75,199.5,39.32,459.81,144.38,28.3,807.86,114.86,159.04,163.11,61.82,173.38,253.54,77.48,175.08,346.47,101.18,34.3473,65.04
2024-05-29 04:00:00,190.29,429.17,177.4,182.02,114.825,474.36,176.19,198.11,38.72,457.17,144.44,27.82,811.53,113.63,156.9,161.65,61.7,171.15,249.37,76.88,171.65,338.11,100.42,34.0042,64.92
2024-05-30 04:00:00,191.29,414.67,173.56,179.32,110.5,467.05,178.79,199.33,38.63,450.23,145.28,28.2,815.06,113.99,158.26,162.58,61.97,170.48,252.07,78.76,172.75,339.25,101.3,34.2343,64.89
2024-05-31 04:00:00,192.25,415.13,173.96,176.44,109.633,466.83,178.08,202.63,39.99,456.52,146.67,28.66,820.34,117.26,162.3,164.54,62.93,172.9,258.89,80.22,177.61,338.52,103.57,34.3766,65.76
2024-06-03 04:00:00,194.03,413.52,174.42,178.34,115.0,477.49,176.29,201.82,39.88,454.98,147.74,29.31,831.26,114.45,157.46,164.65,62.93,171.23,259.75,82.08,184.57,331.36,103.41,33.7364,65.82
2024-06-04 04:00:00,194.35,416.07,175.13,179.34,116.437,476.99,174.77,199.16,39.68,455.3,147.8,29.49,832.59,112.67,156.13,167.01,63.94,173.89,262.72,82.79,188.62,327.57,104.6,33.6151,66.6
2024-06-05 04:00:00,195.87,424.01,177.07,181.28,122.44,495.06,175.0,197.26,39.96,461.68,145.97,29.55,831.76,113.12,154.98,166.05,63.92,173.49,259.99,81.16,189.85,329.45,103.2,33.7322,67.09
2024-06-06 04:00:00,194.48,424.52,178.35,185.0,120.998,493.76,177.94,196.91,39.7,458.1,146.42,28.8,837.29,113.97,155.93,168.47,64.15,173.2,260.72,81.47,191.42,328.29,102.86,33.5774,67.15
2024-06-07 04:00:00,196.89,423.85,175.95,184.3,120.888,492.96,177.48,199.95,39.78,454.91,147.08,28.58,849.99,112.75,156.08,167.06,63.91,171.04,256.21,81.43,190.24,328.94,102.62,33.477,65.88
2024-06-10 04:00:00,193.12,427.87,176.63,187.06,121.79,502.6,173.79,199.61,39.67,453.55,147.13,28.07,865.0,113.08,156.74,167.35,63.59,165.9,253.81,81.6,190.12,329.61,102.52,33.4226,66.96
2024-06-11 04:00:00,207.15,432.68,178.19,187.23,120.91,507.47,170.66,194.36,38.86,444.27,146.76,28.03,865.82,112.17,156.49,167.48,63.55,165.07,254.28,79.89,185.5,327.31,102.36,33.3305,66.73
2024-06-12 04:00:00,213.07,441.06,179.56,186.89,125.2,508.84,177.29,191.53,39.41,448.7,145.41,27.66,867.3,110.93,154.22,165.18,62.88,163.83,254.48,79.38,182.67,328.73,101.32,33.6946,66.31
2024-06-13 04:00:00,214.24,441.58,176.74,183.83,129.61,504.1,182.47,193.66,39.26,446.35,145.45,27.65,883.33,110.04,152.84,166.41,62.99,163.33,253.7,80.24,180.7,326.36,101.26,33.5063,66.7
2024-06-14 04:00:00,212.49,442.57,178.37,183.66,131.88,504.16,178.01,193.78,39.24,446.46,145.54,27.53,878.45,109.11,152.57,166.79,62.55,163.81,253.58,79.65,177.27,321.47,102.36,33.3305,67.02
2024-06-17 04:00:00,216.67,448.37,178.78,184.06,130.98,506.63,187.44,194.98,39.51,450.18,145.95,26.98,885.01,108.36,153.19,167.5,62.62,166.14,253.51,81.33,178.39,322.4,100.8,33.6485,67.42
2024-06-18 04:00:00,214.29,446.34,176.45,182.81,135.58,499.49,184.86,197.0,39.99,457.43,145.65,27.41,891.46,109.38,153.33,168.56,62.63,166.48,250.79,80.2,174.99,325.14,100.03,33.7741,67.6
2024-06-20 04:00:00,209.68,445.7,177.71,186.1,130.78,501.7,181.57,198.67,39.99,458.05,147.78,27.74,885.99,111.74,156.64,167.67,62.18,166.68,253.8,79.72,176.3,329.13,100.1,33.4184,68.01
2024-06-21 04:00:00,207.49,449.78,180.26,189.08,126.57,494.78,183.01,196.3,39.49,450.18,148.75,27.74,883.88,110.76,155.28,168.26,62.77,167.28,259.39,79.91,176.56,327.84,99.84,33.4017,67.91
2024-06-24 04:00:00,208.14,447.67,180.79,185.57,118.11,498.91,182.58,198.88,40.02,462.09,149.12,28.36,890.11,114.05,159.31,168.45,63.97,168.08,260.38,79.73,179.1,330.0,101.51,33.9247,68.9
2024-06-25 04:00:00,209.07,450.95,185.58,186.34,126.09,510.6,187.35,198.07,39.38,457.38,147.19,27.99,904.61,114.37,158.46,166.85,63.84,167.35,257.38,79.28,175.1,327.4,100.2,33.6653,67.42
2024-06-26 04:00:00,213.25,452.16,185.37,193.61,126.4,513.12,196.37,197.43,39.0,455.86,146.82,27.42,901.26,114.41,155.95,167.45,64.05,166.74,257.83,79.15,178.5,326.73,99.95,33.4854,68.29
2024-06-27 04:00:00,214.1,452.85,186.86,197.85,123.99,519.56,197.42,199.17,39.25,445.96,145.8,27.8,909.04,114.9,156.32,166.62,63.91,166.26,258.17,79.235,182.51,327.46,100.59,33.4644,67.88
2024-06-28 04:00:00,210.62,446.95,183.42,193.25,123.54,504.22,197.88,202.26,39.77,452.32,146.16,27.98,905.38,115.12,156.42,164.92,63.65,164.93,254.84,77.85,182.01,333.1,100.23,33.6778,67.71
2024-07-01 04:00:00,216.75,456.73,184.49,197.2,124.3,504.68,209.86,205.45,40.01,463.66,146.44,28.22,914.37,114.96,156.52,162.72,63.28,162.89,249.99,77.13,186.7,329.08,99.35,33.1674,67.48
2024-07-02 04:00:00,220.27,459.28,186.61,200.0,122.67,509.5,231.26,208.83,40.93,465.61,146.03,27.83,906.71,114.18,156.75,163.9,63.15,163.58,247.79,76.83,185.42,327.76,99.81,33.205,68.07
2024-07-03 04:00:00,221.55,460.77,187.39,197.59,128.28,509.96,246.39,208.69,40.9,467.92,145.69,27.7,898.1,114.76,156.71,163.83,63.33,162.6,250.0,76.26,184.31,330.61,99.84,33.1339,68.24
2024-07-05 04:00:00,226.34,467.56,191.96,200.0,125.83,539.91,251.52,204.79,40.41,464.75,146.48,28.05,914.57,113.37,154.31,165.21,63.76,164.39,251.09,76.05,184.83,328.35,100.56,33.0502,70.04
2024-07-08 04:00:00,227.82,466.24,190.48,199.29,128.2,529.32,252.94,205.17,40.62,464.82,145.48,27.93,918.0,112.18,154.33,166.52,62.96,162.12,247.85,74.57,185.84,329.06,100.64,33.251,69.68
2024-07-09 04:00:00,228.68,459.54,190.44,199.34,131.38,530.0,262.33,207.63,41.42,472.83,147.05,27.72,932.5,110.94,152.98,165.66,62.69,161.9,245.82,72.75,183.24,326.06,100.94,32.8577,69.9
2024-07-10 04:00:00,232.98,466.25,192.66,199.79,134.91,534.69,263.26,207.8,41.74,478.89,149.43,28.35,939.78,111.92,155.13,166.8,62.83,163.59,250.49,72.51,183.73,328.48,102.83,33.2929,70.41
2024-07-11 04:00:00,227.57,454.7,187.3,195.05,127.4,512.7,241.03,207.45,41.81,479.23,149.7,28.66,934.14,113.25,155.26,165.54,63.1,163.95,254.8,73.3,183.91,331.13,104.46,33.7699,69.8
2024-07-12 04:00:00,230.54,453.55,186.78,194.49,129.24,498.87,248.23,204.94,41.59,479.88,149.88,28.92,948.4,113.27,155.59,166.61,63.7,166.38,253.9,74.83,182.31,335.59,105.39,33.841,69.24
2024-07-15 04:00:00,234.4,453.96,188.19,192.72,128.44,496.16,252.64,210.05,41.89,492.23,149.24,29.1,950.46,115.21,158.04,164.58,63.41,163.86,251.53,72.75,179.11,345.77,105.32,33.5565,69.61
2024-07-16 04:00:00,234.82,449.52,185.5,193.02,126.36,489.79,256.56,213.62,44.13,503.02,151.01,29.5,941.6,116.04,157.77,166.95,64.27,164.76,257.27,75.51,186.05,360.58,106.53,34.3975,69.99
2024-07-17 04:00:00,228.88,443.52,182.62,187.93,117.99,461.99,248.5,216.87,43.98,502.18,156.58,30.03,905.59,117.64,161.23,169.44,65.21,169.89,261.0,75.1,184.84,357.8,107.52,34.2803,71.03
2024-07-18 04:00:00,224.18,440.37,179.22,183.75,121.09,475.85,249.23,209.98,43.01,486.21,155.42,29.71,848.9,118.8,161.97,168.44,65.19,170.37,259.52,74.19,180.23,356.03,106.91,33.6192,70.82
2024-07-19 04:00:00,224.31,437.11,179.39,183.13,117.93,476.79,239.2,209.78,42.9,484.93,154.69,29.97,857.47,116.07,159.15,167.96,65.29,169.36,257.28,79.27,179.67,347.63,106.92,33.3222,70.75
2024-07-22 04:00:00,223.96,442.94,183.35,182.55,123.54,487.4,251.51,210.28,42.3,487.04,154.24,29.6,865.97,115.27,156.99,168.25,64.77,167.66,259.54,76.55,178.9,347.87,107.54,33.6067,70.38
2024-07-23 04:00:00,225.01,444.85,183.6,186.41,122.59,488.69,246.38,210.33,42.41,492.15,152.35,29.5,878.29,113.41,154.09,166.62,64.96,166.28,254.05,76.26,186.48,344.17,107.12,33.5481,70.65
2024-07-24 04:00:00,218.54,428.9,174.37,180.83,114.25,461.27,215.99,208.59,42.19,486.7,156.28,29.98,859.88,115.01,155.07,168.0,65.81,168.17,253.37,74.68,180.07,336.04,108.6,33.3013,70.6
2024-07-25 04:00:00,217.49,418.4,169.16,179.85,112.28,453.41,220.25,208.67,41.68,491.71,159.64,30.18,821.19,117.43,157.54,166.9,66.07,171.02,251.46,73.32,184.35,344.3,107.56,33.0669,70.02
2024-07-26 04:00:00,217.96,425.27,168.68,182.5,113.06,465.7,219.8,212.24,41.67,499.03,160.64,30.77,804.62,117.33,157.84,169.11,67.05,172.75,252.0,74.05,186.89,350.48,108.03,33.5481,69.78
2024-07-29 04:00:00,218.24,426.73,171.13,183.2,111.59,465.71,232.1,210.85,41.09,492.72,158.56,30.72,807.79,116.1,156.6,169.93,66.83,173.21,261.42,75.2,185.43,344.53,108.68,33.8536,69.62
2024-07-30 04:00:00,218.8,422.92,171.86,181.71,103.73,463.19,222.62,215.19,41.28,505.67,161.33,31.39,790.21,118.17,159.57,161.7,67.68,173.18,266.44,75.94,186.86,341.72,109.9,33.6444,69.19
2024-07-31 04:00:00,222.08,418.35,173.15,186.98,117.02,474.83,232.07,212.8,40.31,509.03,157.85,30.54,804.27,118.59,160.47,160.76,66.74,172.67,265.4,77.95,190.6,346.2,109.27,35.0209,68.64
2024-08-01 04:00:00,218.36,417.11,172.45,184.07,109.21,497.74,216.86,207.96,39.5,500.12,160.76,30.65,832.44,116.95,152.62,165.69,67.96,174.96,268.75,75.11,178.31,331.52,112.6,34.5858,69.79
2024-08-02 04:00:00,219.86,408.49,168.4,167.9,107.27,488.14,207.67,199.14,37.58,470.64,164.14,30.43,804.46,116.88,148.55,170.08,69.33,178.04,276.69,75.88,169.95,320.87,113.92,33.1046,68.46
2024-08-05 04:00:00,209.27,395.15,160.64,161.02,100.45,475.73,198.88,194.9,36.65,459.02,161.25,29.74,775.26,114.77,144.66,168.06,68.1,174.04,268.45,73.86,167.03,316.8,111.01,32.569,67.59
2024-08-06 04:00:00,207.23,399.61,160.54,161.93,104.25,494.09,200.64,200.34,36.92,470.22,158.97,29.32,793.18,114.16,143.23,168.09,68.05,172.49,270.06,75.37,165.04,326.44,112.92,32.6569,67.74
2024-08-07 04:00:00,209.82,398.43,160.75,162.77,98.91,488.92,191.76,200.4,37.3,473.01,158.9,28.85,772.14,115.68,142.41,170.02,68.46,171.79,269.37,75.29,163.24,325.8,113.51,32.3096,66.91
2024-08-08 04:00:00,213.31,402.69,163.84,165.8,104.97,509.63,198.84,204.06,38.21,485.77,160.22,28.76,845.31,117.89,144.49,170.87,68.73,172.37,271.19,75.75,168.87,336.16,112.43,32.8536,67.66
2024-08-09 04:00:00,216.24,406.02,165.39,166.94,104.75,517.77,200.0,205.8,38.28,490.26,160.62,28.55,891.68,118.85,144.99,170.54,68.68,172.39,267.91,75.09,167.91,338.26,112.67,32.8577,67.95
2024-08-12 04:00:00,217.53,406.81,163.95,166.8,109.02,515.95,197.49,206.19,38.17,485.5,159.88,28.45,884.38,119.0,145.02,166.81,68.17,171.42,269.46,77.03,164.13,336.03,113.37,32.7741,68.7
2024-08-13 04:00:00,221.27,414.01,165.93,170.23,116.14,528.54,207.83,207.94,38.46,491.94,158.39,28.85,908.05,117.86,144.15,167.29,68.46,172.37,270.31,95.9,168.76,338.8,113.72,32.9833,68.13
2024-08-14 04:00:00,221.72,416.86,162.03,170.1,118.08,526.76,201.38,210.24,38.81,498.7,158.48,28.88,931.68,118.95,144.67,168.8,68.58,173.71,271.15,93.9,168.5,337.59,113.46,32.9498,68.66
2024-08-15 04:00:00,224.72,421.03,163.17,177.59,122.86,537.33,214.14,211.55,39.03,499.02,159.09,28.71,931.58,118.73,146.8,167.92,68.65,172.52,274.87,94.88,176.41,345.64,113.11,33.59,73.18
2024-08-16 04:00:00,226.05,418.47,164.74,177.06,124.58,527.42,216.12,213.97,39.34,504.26,159.39,28.3,922.12,118.17,147.27,167.89,69.18,172.62,278.49,94.81,179.99,343.48,112.3,33.5481,73.45
2024-08-19 04:00:00,225.89,421.53,168.4,178.22,130.0,529.28,222.72,215.45,39.67,504.68,159.63,28.8,921.81,118.53,146.83,168.42,68.98,173.82,287.55,92.3,179.64,344.65,112.72,33.5314,73.72
2024-08-20 04:00:00,226.51,424.8,168.96,178.88,127.25,526.73,221.1,214.52,38.69,497.34,160.16,28.9,949.97,114.58,144.69,170.41,69.38,175.85,285.63,93.01,172.1,343.3,112.38,33.1632,74.54
2024-08-21 04:00:00,226.4,424.14,167.63,180.11,128.5,535.16,223.27,214.6,38.75,496.46,161.43,29.03,951.97,113.85,145.32,170.16,69.57,175.21,289.71,92.78,173.43,342.97,112.73,33.6025,75.24
2024-08-22 04:00:00,224.53,415.55,165.49,176.13,123.74,531.93,210.66,216.63,39.24,497.75,162.35,28.78,954.17,114.73,145.73,170.15,69.33,175.74,289.21,92.43,172.76,342.36,112.12,33.5941,75.58
2024-08-23 04:00:00,226.84,416.79,167.43,177.04,129.37,528.0,220.32,218.31,39.77,509.42,164.13,28.9,952.74,116.32,147.62,169.17,69.79,175.87,289.52,94.02,174.96,348.41,112.36,33.9331,75.7
2024-08-26 04:00:00,227.18,413.49,167.93,175.5,126.46,521.12,213.21,219.17,39.92,507.87,164.61,28.92,950.53,118.81,148.5,170.35,70.84,175.97,288.68,95.63,173.48,351.16,113.01,34.159,76.03
2024-08-27 04:00:00,228.03,413.84,166.38,173.12,128.3,519.1,209.21,220.18,39.67,507.26,162.95,28.82,954.48,117.68,146.95,169.25,71.5,175.3,289.64,98.6,173.05,351.12,111.9,34.5146,76.13
2024-08-28 04:00:00,226.49,410.6,164.5,170.8,125.61,516.78,205.75,221.29,39.95,503.33,163.92,28.75,948.94,116.52,146.0,169.06,71.75,173.92,287.05,95.3,170.71,348.2,112.7,34.5314,76.08
2024-08-29 04:00:00,229.79,413.12,163.4,172.12,117.59,518.22,206.28,222.21,40.17,510.1,164.23,28.72,940.2,118.13,147.42,170.03,72.05,172.09,287.86,94.86,172.26,351.64,112.99,34.9038,76.42
2024-08-30 04:00:00,229.0,417.14,165.11,178.5,119.37,521.31,214.11,224.8,40.75,510.25,165.86,29.01,960.02,117.94,147.95,171.54,72.47,172.88,288.66,94.57,173.74,356.1,113.95,35.251,77.23
2024-09-03 04:00:00,222.77,409.44,158.61,176.25,108.0,511.76,210.6,220.3,40.7,487.46,167.16,28.3,956.53,115.47,144.66,174.52,73.01,177.54,285.52,93.18,161.02,340.24,115.79,34.3598,77.17
2024-09-04 04:00:00,220.85,408.9,157.81,173.33,106.21,512.74,219.41,219.33,40.5,490.64,167.36,28.39,946.31,114.06,142.07,175.9,72.56,178.52,288.03,92.33,163.22,336.75,117.06,34.1841,77.24
2024-09-05 04:00:00,222.38,408.39,158.6,177.89,107.21,516.86,230.17,217.63,40.14,487.88,164.99,28.51,912.75,113.17,140.93,175.47,71.17,179.3,287.97,91.56,162.15,333.56,116.85,34.0502,76.96
2024-09-06 04:00:00,220.82,401.7,152.13,171.39,102.83,500.27,210.73,212.46,38.76,479.61,164.38,28.56,902.71,112.64,138.56,175.59,71.14,177.34,289.51,91.15,157.62,329.36,116.6,33.113,76.64
2024-09-09 04:00:00,220.91,405.72,149.54,175.4,106.47,504.79,216.27,216.81,39.47,488.57,166.61,29.41,908.27,115.01,140.3,176.06,71.85,178.19,291.29,92.21,162.91,334.04,117.16,33.2887,77.34
2024-09-10 04:00:00,220.11,414.2,150.01,179.55,108.1,504.79,226.17,205.56,39.28,467.13,167.38,29.74,901.25,110.82,138.23,177.79,71.55,177.81,291.27,93.34,160.07,334.16,116.93,33.2678,78.81
2024-09-11 04:00:00,222.66,423.04,152.15,184.52,116.91,511.83,228.13,207.23,39.0,471.17,164.82,29.66,920.89,109.72,137.88,173.92,71.08,175.78,290.23,98.2,161.33,335.0,116.2,33.4351,78.84
2024-09-12 04:00:00,222.77,427.0,155.54,187.0,119.14,525.6,229.81,206.6,38.78,474.06,164.64,29.16,935.02,111.23,139.21,173.47,71.23,177.25,292.35,99.28,162.77,339.58,115.97,33.6444,79.66
2024-09-13 04:00:00,222.5,430.59,158.37,186.49,119.1,524.62,230.29,204.32,38.65,478.99,165.52,29.27,923.71,111.15,140.61,174.08,71.41,177.36,296.53,98.57,156.77,345.31,117.31,34.0669,80.6
2024-09-16 04:00:00,216.32,431.34,158.99,184.89,116.78,533.28,226.78,207.86,39.1,485.16,166.99,30.07,923.54,112.71,142.09,177.24,72.1,177.21,296.69,96.31,155.55,347.96,117.7,34.3096,80.56
2024-09-17 04:00:00,216.79,435.15,160.28,186.88,115.59,536.315,227.87,209.25,39.55,485.39,167.07,29.83,906.18,114.18,143.41,175.88,71.8,176.87,293.75,96.44,156.39,353.69,116.73,34.6695,78.6
2024-09-18 04:00:00,220.69,430.81,160.81,186.43,113.37,537.95,227.2,207.53,39.62,484.58,166.15,29.75,904.97,114.58,143.96,173.92,71.75,175.21,292.03,96.12,155.11,355.12,115.88,34.6611,79.03
2024-09-19 04:00:00,228.87,438.69,163.24,189.87,117.87,559.1,243.92,210.48,40.87,503.83,164.82,29.66,915.04,116.0,144.99,171.54,70.62,174.66,293.85,96.9,154.59,373.31,115.14,34.8033,78.04
2024-09-20 04:00:00,228.2,435.27,164.64,191.6,116.0,561.35,238.25,211.09,40.27,498.43,164.16,29.42,921.49,115.27,145.68,174.22,71.64,171.18,296.83,96.05,153.29,368.82,116.37,34.8703,79.06
2024-09-23 04:00:00,226.47,433.51,163.07,193.88,116.26,564.41,250.0,211.44,39.87,497.41,163.22,29.31,918.52,117.36,147.54,173.77,71.73,172.11,299.06,95.48,156.3,371.17,117.31,35.1925,80.33
2024-09-24 04:00:00,227.37,429.17,163.64,193.96,120.87,563.33,254.27,211.59,39.45,498.02,162.78,29.5,924.43,117.05,147.45,173.24,71.33,169.92,300.27,94.45,155.81,385.93,115.98,36.4477,80.67
2024-09-25 04:00:00,226.37,432.11,162.99,192.53,123.51,568.31,257.02,210.19,39.25,491.14,160.6,28.93,924.56,114.77,143.97,172.26,71.45,169.4,300.47,95.62,152.22,378.25,116.21,35.9582,81.4
2024-09-26 04:00:00,227.52,431.31,163.83,191.16,124.04,567.84,254.22,209.78,39.52,496.92,161.39,28.97,909.32,112.8,141.99,173.21,71.4,169.69,303.65,97.47,154.58,390.96,115.17,37.318,79.92
2024-09-27 04:00:00,227.79,428.02,165.29,187.97,121.4,567.36,260.46,210.5,39.4,498.51,161.4,29.09,877.79,115.82,145.49,173.55,71.79,170.0,303.69,97.36,156.32,391.08,115.97,37.4644,79.78
2024-09-30 04:00:00,233.0,430.3,167.19,186.33,121.44,572.44,261.63,210.86,39.68,495.11,162.06,28.94,885.94,117.22,147.27,173.2,71.86,170.05,304.51,97.49,152.04,391.12,115.3,37.2845,80.75
2024-10-01 04:00:00,226.21,420.69,168.42,185.13,117.0,576.47,258.02,207.04,39.22,490.17,161.99,28.67,884.48,119.93,149.7,173.04,71.71,171.38,302.98,97.43,154.22,392.39,116.22,36.7866,81.27
2024-10-02 04:00:00,226.78,417.13,167.31,184.76,118.85,572.81,249.02,207.29,39.23,491.99,161.17,28.61,891.07,121.52,150.95,171.92,71.01,169.55,303.76,96.5,152.89,394.05,116.68,36.841,80.43
2024-10-03 04:00:00,225.67,416.54,167.21,181.96,122.85,582.77,240.66,205.23,39.25,486.1,160.5,28.34,885.55,122.58,151.25,170.12,70.52,168.53,303.45,95.56,150.52,391.09,115.76,36.4603,80.43
2024-10-04 04:00:00,226.8,416.06,168.56,186.51,124.92,595.94,250.08,211.22,40.11,495.16,160.29,28.58,887.16,124.83,150.74,168.88,70.17,167.97,303.76,96.58,155.0,397.09,114.05,36.6276,80.94
2024-10-07 04:00:00,221.69,409.54,164.39,180.8,127.72,584.78,240.83,210.93,39.96,494.62,159.53,29.2,898.4,125.37,151.12,167.12,69.01,167.21,300.85,96.09,155.91,398.25,110.23,35.9582,79.1
2024-10-08 04:00:00,225.77,414.71,165.7,182.72,132.89,592.89,244.5,210.75,39.93,496.57,159.69,29.18,913.72,122.04,148.75,168.16,69.18,170.42,301.9,96.21,154.65,387.96,110.67,35.3473,79.71
2024-10-09 04:00:00,229.54,417.46,163.06,185.17,132.65,590.51,241.05,213.42,40.19,505.18,160.65,30.19,919.74,122.09,149.65,169.27,69.57,172.54,303.83,95.88,149.37,396.19,111.32,35.8326,80.4
2024-10-10 04:00:00,229.04,415.84,163.18,186.65,134.81,583.83,238.77,212.84,39.97,503.72,160.51,29.34,910.69,123.14,150.62,168.95,69.25,172.99,304.04,93.88,146.62,396.64,113.12,36.113,79.61
2024-10-11 04:00:00,227.55,416.32,164.52,188.82,134.8,589.95,217.8,222.29,41.95,516.3,161.46,29.16,932.06,123.61,151.42,171.09,69.57,174.81,305.04,95.55,151.02,402.02,114.17,36.205,80.1
2024-10-14 04:00:00,231.3,419.14,166.35,187.54,138.07,590.42,219.16,221.48,41.91,522.75,161.6,29.08,929.51,124.08,151.78,172.51,70.34,176.1,309.84,94.76,148.99,393.95,115.09,36.3389,80.29
2024-10-15 04:00:00,233.85,418.74,166.9,187.69,131.6,586.27,219.57,222.39,42.14,522.38,164.1,29.44,913.32,120.35,147.73,173.57,70.34,175.9,313.34,95.04,152.35,387.99,117.12,35.4435,81.65
2024-10-16 04:00:00,231.78,416.12,166.74,186.89,135.72,576.79,221.33,223.64,42.8,529.86,164.28,29.67,916.42,120.66,148.73,172.38,70.57,174.48,312.92,95.46,154.9,393.62,119.78,35.6862,81.22
2024-10-17 04:00:00,232.15,416.72,164.51,187.53,136.93,576.93,220.89,224.42,42.6,529.0,164.47,29.27,917.12,120.35,151.2,172.28,69.9,174.67,314.7,95.27,155.31,394.49,120.58,35.6653,80.89
2024-10-18 04:00:00,235.0,418.16,165.05,188.99,138.0,576.47,220.7,225.37,42.32,528.5,165.12,29.22,917.97,120.01,150.75,171.28,70.44,175.06,316.56,96.84,155.0,393.86,120.76,35.6025,81.31
2024-10-21 04:00:00,236.48,418.78,165.8,189.07,143.71,575.16,218.85,223.0,41.76,517.8,162.83,28.93,906.13,120.08,150.88,169.54,69.45,175.01,314.89,96.45,159.82,390.48,119.89,35.5105,80.81
2024-10-22 04:00:00,235.86,427.51,166.82,189.7,143.59,582.01,217.97,224.12,42.3,518.3,163.45,28.84,909.15,120.7,150.92,169.7,69.45,174.37,314.69,96.82,159.88,388.46,119.88,35.5188,82.02
2024-10-23 04:00:00,230.76,424.6,164.48,184.71,139.56,563.69,213.65,223.41,42.34,517.2,165.86,28.86,903.25,120.27,150.48,169.58,68.01,172.95,298.57,97.65,157.06,385.73,120.57,35.3096,83.27
2024-10-24 04:00:00,230.57,424.73,164.53,186.38,140.41,567.78,260.48,224.98,42.65,524.5,163.67,28.64,891.32,119.59,150.45,169.62,67.3,172.16,301.58,97.15,155.2,387.06,119.02,35.2427,83.04
2024-10-25 04:00:00,231.41,428.15,166.99,187.83,141.54,573.25,269.19,222.31,41.89,512.6,160.88,28.45,892.7,119.49,150.81,168.22,66.92,171.79,292.61,97.31,155.01,385.97,117.21,34.8536,82.51
2024-10-28 04:00:00,233.4,426.59,168.34,188.39,140.52,578.16,262.51,225.5,42.62,523.58,161.6,28.86,895.59,118.9,150.54,169.3,66.67,169.84,296.79,98.02,150.69,390.61,117.06,35.1088,82.75
2024-10-29 04:00:00,233.67,431.95,171.14,190.83,141.25,593.28,259.52,222.9,42.53,524.28,160.09,28.46,903.58,117.28,148.52,167.17,65.56,167.5,295.0,97.39,152.98,387.51,114.41,34.9121,81.7
2024-10-30 04:00:00,230.1,432.53,176.14,192.73,139.335,591.8,257.55,224.41,42.31,524.4,160.61,28.52,846.83,116.69,148.05,166.16,65.92,166.21,291.52,97.32,154.29,379.24,114.0,34.841,81.39
2024-10-31 04:00:00,225.91,406.35,172.69,186.4,132.76,567.58,249.85,221.92,41.82,517.79,159.86,28.3,829.74,116.78,148.82,165.18,65.31,166.08,292.11,97.7,149.31,376.2,115.27,34.7238,81.95
2024-11-01 04:00:00,222.91,410.37,172.65,197.93,135.4,567.16,248.98,222.94,41.76,519.35,160.13,28.09,818.93,114.95,153.07,165.1,65.01,165.59,295.21,98.87,154.59,379.63,112.68,34.5188,82.19
2024-11-04 05:00:00,222.01,408.46,170.68,195.78,136.05,560.68,242.84,219.78,41.33,511.47,158.24,27.76,806.14,118.61,153.97,165.08,65.11,166.34,292.85,97.03,155.07,376.52,112.52,34.2469,82.45
2024-11-05 05:00:00,223.45,411.46,171.41,199.5,139.91,572.43,251.44,221.49,41.88,526.96,158.35,27.99,806.06,118.96,153.41,165.76,65.37,167.85,297.32,97.09,151.0,383.37,114.08,35.8452,83.68
2024-11-06 05:00:00,222.72,420.18,178.33,207.09,145.61,572.05,288.53,247.06,45.41,595.98,157.88,27.36,776.38,121.0,157.72,161.05,63.7,164.71,294.0,96.08,147.16,416.88,113.63,35.2845,83.44
2024-11-07 05:00:00,227.48,425.43,182.28,210.05,148.88,591.7,296.91,236.38,44.77,582.17,156.73,27.46,797.45,121.15,156.77,163.41,63.66,164.0,294.66,96.12,150.98,408.21,111.08,36.2301,83.85
2024-11-08 05:00:00,226.96,422.54,179.86,208.18,147.63,589.34,321.22,236.98,45.13,589.26,155.47,26.72,831.54,121.11,156.93,167.71,63.92,165.11,298.97,97.55,151.68,393.37,113.23,35.2176,84.83
2024-11-11 05:00:00,224.23,418.01,181.97,206.84,145.26,583.17,350.0,239.29,46.08,602.34,155.04,26.24,832.44,120.47,156.5,166.03,63.36,164.26,301.53,100.31,148.96,396.54,112.46,34.9916,84.21
2024-11-12 05:00:00,224.23,423.03,183.32,208.91,148.29,584.82,328.49,239.56,45.86,592.59,152.64,26.19,818.86,120.35,155.29,165.84,63.2,164.34,298.65,98.8,145.17,393.01,111.88,34.431,84.99
2024-11-13 05:00:00,225.12,425.2,180.49,214.1,146.27,580.0,330.24,241.16,45.87,594.22,153.24,26.72,811.81,121.47,158.72,166.58,63.0,164.74,297.35,99.8,139.97,387.07,111.31,34.8954,85.5
2024-11-14 05:00:00,228.22,426.89,177.35,211.48,146.76,577.16,311.18,241.87,45.9,588.61,151.87,26.02,786.23,120.56,161.8,167.08,62.55,165.15,298.56,99.23,138.14,387.36,110.68,34.7615,84.47
2024-11-15 05:00:00,225.0,415.0,173.89,202.61,141.98,554.08,320.72,245.31,46.75,593.54,154.0,24.8,746.2,119.31,161.42,169.54,61.74,158.62,292.63,98.42,140.19,384.07,112.17,34.2469,84.25
2024-11-18 05:00:00,228.02,415.76,176.8,201.7,140.15,554.4,338.74,245.03,46.72,587.99,154.77,24.86,727.2,120.31,160.76,170.75,61.86,158.33,291.1,100.4,143.87,384.46,113.54,34.2636,84.08
2024-11-19 05:00:00,228.28,417.79,179.58,204.61,147.01,561.09,346.0,243.09,46.41,581.38,153.0,25.1,729.73,118.63,159.6,170.76,62.59,156.72,290.73,98.35,145.6,382.33,113.58,34.0418,86.6
2024-11-20 05:00:00,229.0,415.49,177.33,202.88,145.89,565.52,342.03,240.78,46.06,581.93,153.11,24.94,753.41,120.32,161.33,170.89,62.99,158.74,290.91,98.26,146.08,381.5,113.74,34.2469,87.18
2024-11-21 05:00:00,228.52,412.87,169.24,198.38,146.67,563.09,339.64,244.76,46.46,596.11,155.5,25.13,749.92,121.93,161.63,172.75,63.76,160.34,288.47,100.06,143.41,389.59,114.86,34.6234,88.39
2024-11-22 05:00:00,229.87,417.0,166.57,197.12,141.95,559.14,352.56,248.55,47.0,602.78,155.17,25.65,748.01,121.79,162.36,176.28,63.92,162.0,290.28,102.5,149.29,397.49,114.7,34.8619,90.44
2024-11-25 05:00:00,232.87,418.79,169.43,201.45,136.02,565.11,338.59,250.29,47.5,603.03,155.78,26.17,755.0,119.97,160.36,177.39,64.38,163.05,296.19,101.84,153.1,405.65,115.0,35.3264,89.5
2024-11-26 05:00:00,235.06,427.99,170.62,207.86,136.92,573.54,338.23,249.97,47.75,605.5,154.52,25.77,789.32,117.97,162.53,179.31,64.55,162.16,296.33,100.68,150.76,407.83,117.04,35.0795,91.31
2024-11-27 05:00:00,234.93,422.99,170.82,205.74,135.34,569.2,332.89,249.79,47.77,605.43,155.4,25.83,788.19,117.66,162.11,179.36,64.43,162.72,295.08,101.51,152.4,403.7,117.42,35.1046,91.88
2024-11-29 05:00:00,237.33,423.46,170.49,207.89,138.25,574.32,345.16,249.72,47.51,608.57,155.01,26.21,795.35,117.96,161.93,179.26,64.08,163.45,296.01,102.46,155.44,406.11,117.05,34.9749,92.5
2024-12-02 05:00:00,239.59,430.98,172.98,210.71,138.63,592.83,357.09,246.25,47.04,601.71,154.8,25.82,799.8,117.85,162.21,179.7,63.65,163.05,292.44,101.51,156.54,402.51,115.18,35.0293,92.64
2024-12-03 05:00:00,242.65,431.2,173.02,213.44,140.26,613.65,351.42,244.82,46.82,602.08,152.36,25.56,813.33,117.67,161.92,175.42,63.52,161.7,294.5,101.57,155.0,399.26,113.64,34.7029,93.51
2024-12-04 05:00:00,243.01,437.42,176.09,218.16,145.14,613.78,357.93,243.4,46.37,598.71,150.47,25.23,829.84,114.28,158.32,175.11,62.21,160.18,295.09,100.7,158.28,399.51,113.28,34.5272,94.45
2024-12-05 05:00:00,243.04,442.62,174.31,220.55,145.06,608.93,369.49,245.48,47.0,596.8,149.52,25.7,825.62,114.78,159.33,176.03,62.92,160.49,299.47,99.23,156.67,394.98,114.01,34.2008,95.3
2024-12-06 05:00:00,242.84,443.57,176.49,227.03,142.44,623.77,389.22,247.36,46.75,599.68,149.31,25.73,826.71,113.57,155.24,173.82,62.53,157.79,298.98,100.11,153.93,395.03,112.1,34.6527,95.7
2024-12-09 05:00:00,246.75,446.02,177.1,226.09,138.81,613.57,389.79,243.81,45.91,594.12,149.6,26.1,803.58,112.9,157.08,170.79,62.6,159.47,301.37,99.31,157.04,399.26,111.86,34.954,93.83
2024-12-10 05:00:00,247.77,443.33,186.53,225.04,135.07,619.32,400.99,242.86,45.75,585.03,149.23,25.57,799.58,112.67,157.0,172.28,62.91,159.84,300.71,98.16,164.1,388.39,111.11,34.3431,94.55
2024-12-11 05:00:00,246.49,448.99,196.71,230.26,139.31,632.68,424.77,243.53,46.08,592.56,146.64,25.23,796.03,111.92,156.21,170.63,62.64,156.77,296.1,98.42,165.96,388.87,109.59,34.2803,94.96
2024-12-12 05:00:00,247.96,449.56,193.63,228.97,137.34,630.79,418.1,241.53,46.08,591.61,146.24,25.37,782.35,111.82,154.71,170.85,63.84,158.9,296.63,97.82,167.75,380.78,109.16,34.1255,94.09
2024-12-13 05:00:00,248.13,447.27,191.38,227.46,134.25,620.35,436.23,239.94,45.67,585.48,146.62,25.58,789.12,110.84,153.87,171.06,63.12,157.97,296.6,97.42,169.65,380.51,108.82,33.8243,94.25
2024-12-16 05:00:00,251.04,451.59,198.16,232.93,132.0,624.24,463.02,239.58,45.47,586.33,143.85,25.25,779.0,108.47,149.36,171.14,62.55,156.02,297.71,93.12,173.17,378.92,107.44,33.5021,94.87
2024-12-17 05:00:00,253.48,454.46,197.12,231.15,130.39,619.44,479.86,238.36,45.05,574.68,146.41,26.43,778.62,108.01,148.11,170.33,63.4,156.14,296.08,92.09,173.03,375.8,107.89,33.5272,95.42
2024-12-18 05:00:00,248.05,437.39,190.15,220.52,128.91,597.19,440.13,230.37,43.5,550.25,144.75,25.89,764.71,106.42,144.08,169.08,62.85,154.43,290.88,89.9,172.62,363.89,105.76,32.477,93.55
2024-12-19 05:00:00,249.79,437.03,189.7,223.29,130.68,595.57,436.17,232.96,43.38,553.99,143.58,25.77,757.54,105.51,141.15,169.19,62.45,151.47,290.23,88.76,177.04,360.37,107.08,32.1548,93.4
2024-12-20 05:00:00,254.49,436.6,192.96,224.92,134.7,585.25,421.06,237.6,44.17,566.1,144.47,26.36,767.76,105.87,142.85,168.06,62.55,152.79,292.68,87.97,177.35,366.04,108.28,32.3347,92.24
2024-12-23 05:00:00,255.27,435.25,195.99,225.06,139.67,599.85,430.6,238.39,43.89,570.78,145.27,26.71,796.28,106.3,142.97,168.11,62.38,151.29,291.29,87.44,177.69,365.39,108.56,32.1674,90.35
2024-12-24 05:00:00,258.2,439.33,197.57,229.05,140.22,607.75,462.28,242.31,44.38,582.79,145.85,26.74,795.67,106.4,143.84,168.94,62.84,152.81,293.99,89.91,179.34,367.57,108.97,32.3222,92.68
2024-12-26 05:00:00,259.02,438.11,197.1,227.05,139.93,603.35,454.13,243.14,44.55,581.23,145.58,26.56,794.14,106.49,143.98,170.16,62.57,152.44,294.8,91.86,180.38,367.12,108.31,32.318,92.79
2024-12-27 05:00:00,255.59,430.53,194.04,223.75,137.01,599.81,431.66,241.17,44.34,576.18,145.05,26.62,783.17,106.48,144.0,169.53,62.45,152.89,293.62,92.25,180.72,364.86,108.34,32.0628,91.66
2024-12-30 05:00:00,252.2,424.83,192.69,221.3,137.49,591.24,417.41,239.32,43.91,573.55,143.34,26.42,773.84,105.76,143.07,167.09,62.03,151.72,289.6,90.58,176.55,363.01,107.71,31.7782,90.57
2024-12-31 05:00:00,250.42,421.5,190.44,219.39,134.29,585.51,403.84,239.71,43.95,572.62,144.62,26.53,772.0,107.57,144.84,167.65,62.26,152.06,289.89,91.25,177.0,362.76,107.74,31.9038,90.35
2025-01-02 05:00:00,243.85,418.58,190.63,220.22,138.31,599.24,379.28,240.0,44.29,574.97,144.02,26.61,778.07,107.31,146.71,165.98,61.84,150.21,292.51,92.17,171.87,359.77,107.82,31.5607,90.0
2025-01-03 05:00:00,243.36,423.35,193.13,224.19,144.47,604.63,410.44,243.28,44.81,580.13,144.19,26.59,781.98,107.86,147.85,165.13,61.75,149.65,294.78,92.58,169.9,363.79,107.78,31.2762,90.78
2025-01-06 05:00:00,245.0,427.85,197.96,227.61,149.43,630.2,411.05,240.85,45.4,583.39,143.66,26.89,765.1,107.74,147.26,160.6,60.81,146.27,292.18,93.13,170.78,364.2,106.37,31.4895,91.43
2025-01-07 05:00:00,242.21,422.37,196.71,222.11,140.14,617.89,394.36,243.17,46.08,580.12,146.23,27.13,773.29,108.75,149.59,161.3,60.84,145.4,289.34,92.84,172.51,363.0,106.81,31.4142,90.81
2025-01-08 05:00:00,242.7,424.56,195.39,222.13,140.11,610.72,394.94,243.13,46.21,580.02,142.27,26.86,787.22,106.93,150.3,162.1,61.71,146.54,286.9,92.6,171.76,361.07,108.23,31.1506,91.8
2025-01-10 05:00:00,236.85,418.95,193.17,218.94,135.91,615.86,394.74,239.87,45.11,560.0,142.06,26.72,799.9,106.54,153.14,158.56,61.07,142.64,282.31,92.25,172.0,351.0,105.87,30.4184,93.0
2025-01-13 05:00:00,234.4,417.19,192.29,218.46,133.23,608.33,403.31,244.21,45.06,562.95,144.47,26.8,797.48,109.29,155.35,158.84,61.65,144.5,283.63,93.51,170.57,362.5,106.14,31.1423,91.53
2025-01-14 05:00:00,233.28,415.67,191.05,217.76,131.76,594.25,396.36,247.47,45.78,571.53,144.75,26.41,744.91,109.72,156.9,159.74,62.04,144.95,281.58,93.07,167.02,371.57,106.85,31.4979,90.79
2025-01-15 05:00:00,237.87,426.31,196.98,223.35,136.24,617.12,428.22,252.35,47.1,605.92,144.97,26.22,746.74,111.51,158.33,159.65,61.77,144.78,282.3,93.08,166.2,374.89,106.45,31.8996,91.34
2025-01-16 05:00:00,228.26,424.58,194.41,220.66,133.57,611.3,413.82,254.27,46.64,612.99,147.77,26.49,757.6,111.32,159.38,160.5,62.25,146.54,279.74,94.43,168.93,380.55,109.06,32.0753,91.3
2025-01-17 05:00:00,229.98,429.03,197.55,225.94,137.71,612.77,426.5,259.16,46.53,625.94,147.03,26.3,725.72,112.32,161.47,161.13,62.71,148.25,280.95,95.13,171.09,386.02,109.26,32.4142,91.94
2025-01-21 05:00:00,222.64,428.5,199.63,230.71,140.83,616.46,424.07,263.03,46.66,634.74,148.15,26.64,742.35,111.47,158.24,161.72,62.42,148.55,282.61,97.98,175.56,398.36,110.77,32.8285,93.08
2025-01-22 05:00:00,223.83,446.2,200.03,235.01,147.07,623.5,415.11,262.84,45.79,632.73,145.27,26.01,753.98,109.53,156.41,164.74,61.78,148.09,281.35,97.73,174.8,397.61,108.82,32.477,93.23
2025-01-23 05:00:00,223.66,446.71,199.58,235.42,147.22,636.45,412.38,265.95,46.39,639.5,146.64,26.44,766.6,110.15,156.01,166.15,61.53,148.62,284.43,97.99,178.5,406.4,109.34,32.7238,93.81
2025-01-24 05:00:00,222.78,444.06,201.9,234.85,142.62,647.49,406.58,264.84,46.52,636.9,146.82,26.09,785.41,108.66,155.65,164.12,61.92,149.12,285.46,98.81,176.06,407.63,109.86,32.3682,94.76
2025-01-27 05:00:00,229.86,434.56,193.77,235.42,118.42,659.88,397.15,265.85,47.09,633.28,152.89,26.86,808.17,110.17,157.23,169.66,63.87,154.61,293.09,100.02,175.16,394.98,112.62,32.0753,97.4
2025-01-28 05:00:00,238.26,447.2,197.07,238.15,128.99,674.33,398.09,267.14,46.84,637.8,150.38,26.75,804.99,108.04,156.21,166.19,62.36,150.25,291.15,100.41,177.78,390.29,111.31,31.9372,97.29
2025-01-29 05:00:00,239.36,442.33,197.18,237.07,123.7,676.49,389.1,266.58,46.75,637.38,151.15,26.62,804.08,108.67,155.69,166.23,62.83,150.37,290.11,108.58,173.66,393.23,110.62,32.0,97.5
2025-01-30 05:00:00,237.59,414.99,202.63,234.64,124.65,687.0,400.28,268.23,46.72,645.7,152.87,26.91,823.23,109.57,156.32,167.41,64.05,151.9,290.32,109.0,179.53,374.98,112.26,32.0753,98.65
2025-01-31 05:00:00,236.0,415.06,205.6,237.68,120.07,689.18,404.6,267.3,46.3,640.4,152.15,26.52,811.08,106.83,149.19,165.99,63.48,150.69,288.7,107.68,176.52,371.44,111.99,32.1339,98.16
2025-02-03 05:00:00,228.01,410.92,202.64,237.42,116.66,697.46,383.68,266.81,46.21,632.37,151.87,26.2,810.43,107.09,149.34,168.76,63.35,150.27,290.05,108.16,175.87,361.55,113.2,31.8326,99.54
2025-02-04 05:00:00,232.8,412.37,207.71,242.06,118.65,704.19,392.21,267.94,46.71,634.18,153.49,25.87,826.07,109.96,153.22,168.13,62.67,143.49,289.77,110.6,176.23,361.95,112.43,32.2176,100.77
2025-02-05 05:00:00,232.47,413.29,193.3,236.17,124.83,704.87,378.17,270.43,47.11,645.45,154.69,26.44,842.18,109.88,152.99,169.01,63.12,145.66,288.83,112.25,181.84,358.85,113.86,32.2636,102.46
2025-02-06 05:00:00,233.22,415.82,193.31,238.83,128.68,711.99,374.32,276.9,47.74,658.22,153.51,25.83,870.37,108.43,151.9,168.88,63.36,145.35,294.36,111.7,184.8,365.45,114.52,32.4184,102.85
2025-02-07 05:00:00,227.63,409.75,187.14,229.15,129.84,714.52,361.62,275.8,47.4,655.9,153.12,25.74,878.31,108.89,152.62,167.97,63.84,144.58,294.3,112.2,181.49,363.88,114.99,31.7071,101.15
2025-02-10 05:00:00,227.65,412.22,188.2,233.14,133.57,717.4,350.73,271.04,46.67,650.53,154.24,25.87,868.88,110.97,155.77,167.53,64.55,144.35,308.42,111.45,180.55,363.22,115.6,31.9079,102.92
2025-02-11 05:00:00,232.62,411.44,187.07,232.76,132.8,719.8,328.5,274.99,46.79,647.24,156.13,25.53,865.0,111.67,157.44,169.43,67.6,145.64,310.21,111.03,180.44,362.23,116.69,34.0921,102.47
2025-02-12 05:00:00,236.87,409.04,185.43,228.93,131.14,725.38,336.51,275.45,46.21,649.0,155.26,25.47,872.97,107.35,154.9,169.58,68.71,143.99,307.6,113.04,186.25,352.04,116.37,34.2092,103.61
2025-02-13 05:00:00,241.53,410.54,187.88,230.37,135.29,728.56,355.94,276.32,46.33,648.95,157.25,25.64,871.86,108.13,155.88,171.02,69.5,144.58,310.02,113.0,185.44,353.7,113.95,35.1674,105.05
2025-02-14 05:00:00,244.6,408.43,186.87,228.68,138.85,736.67,355.84,276.59,46.96,660.55,156.15,25.53,844.27,108.24,155.34,162.89,68.87,143.39,308.55,112.55,184.42,353.32,111.6,34.8326,104.04
2025-02-18 05:00:00,244.47,409.64,185.8,226.65,139.4,716.37,354.11,279.95,46.53,672.19,154.99,25.56,857.2,110.14,156.16,165.43,69.05,144.1,304.83,113.03,184.97,354.0,110.89,35.2803,103.78
2025-02-19 05:00:00,244.87,414.77,187.13,226.63,139.23,703.77,360.56,279.25,46.01,668.15,157.89,25.89,867.05,110.3,157.23,166.49,70.07,145.81,301.94,112.49,186.15,353.0,111.79,34.4854,104.0
2025-02-20 05:00:00,245.83,416.13,186.64,222.88,140.11,694.84,354.4,266.8,45.3,642.26,159.68,25.9,873.12,112.0,158.79,167.21,70.04,149.1,303.05,113.34,180.88,349.15,113.16,34.6653,97.21
2025-02-21 05:00:00,245.55,408.21,181.58,216.58,134.43,683.55,337.8,264.24,44.81,625.6,162.3,26.3,873.68,110.69,156.92,170.23,71.35,153.5,304.81,111.75,177.15,340.04,115.55,34.1632,94.78
2025-02-24 05:00:00,247.1,404.0,181.19,212.71,130.28,668.13,330.53,261.34,44.46,626.14,163.74,26.65,881.4,111.27,157.89,170.54,70.59,153.85,307.57,113.19,179.91,338.92,115.92,34.2343,93.67
2025-02-25 05:00:00,247.04,397.9,177.37,212.8,126.63,657.5,302.8,257.4,43.94,614.91,166.09,26.74,901.8,109.73,156.42,172.65,71.49,156.42,310.72,114.59,178.27,342.36,117.29,34.2594,97.69
2025-02-26 05:00:00,240.36,399.73,174.7,214.35,131.28,673.7,290.8,258.79,43.94,617.77,163.08,26.42,915.01,109.46,155.14,171.3,70.8,151.51,304.27,113.0,173.04,342.58,116.31,34.0795,96.2
2025-02-27 05:00:00,237.3,392.53,170.21,208.74,120.15,658.24,281.95,259.05,44.12,608.0,163.73,26.1,905.16,110.15,156.67,171.97,70.87,152.02,309.95,114.49,173.83,340.0,115.89,33.8577,96.79
2025-02-28 05:00:00,241.84,396.99,172.22,212.28,124.92,668.2,292.98,264.65,46.1,622.29,165.02,26.43,920.63,111.33,158.62,173.84,71.21,153.47,308.33,115.81,174.63,343.95,117.49,34.2134,98.61
2025-03-03 05:00:00,238.03,388.49,168.66,205.02,114.06,655.05,284.65,260.62,45.56,605.26,167.28,26.25,929.72,107.76,153.09,175.59,72.32,155.99,304.29,115.41,170.06,332.04,118.67,32.9833,97.59
2025-03-04 05:00:00,235.93,388.61,172.61,203.8,115.99,640.0,272.04,250.25,42.67,581.14,165.42,25.75,911.06,107.54,152.0,173.18,70.19,154.19,305.77,112.06,158.9,326.75,116.41,32.5063,94.97
2025-03-05 05:00:00,235.74,401.02,174.99,208.36,117.3,656.47,279.1,251.53,42.29,593.07,165.12,25.94,929.72,105.44,150.81,174.61,70.08,153.88,307.45,111.69,163.16,338.49,115.23,33.2552,95.98
2025-03-06 05:00:00,235.33,396.89,174.21,200.7,110.57,627.93,263.45,246.54,41.46,567.67,165.83,26.24,912.76,107.62,152.95,174.66,70.46,154.61,310.37,105.47,158.43,341.01,114.84,32.954,94.64
2025-03-07 05:00:00,239.07,393.31,175.75,199.25,112.69,625.66,262.67,242.28,41.4,559.67,166.69,26.73,869.58,109.02,156.34,175.95,71.43,154.44,321.29,106.48,154.18,350.3,116.74,32.6987,91.72
2025-03-10 04:00:00,227.48,380.16,167.81,194.54,106.98,597.99,222.15,232.22,39.83,531.66,167.7,26.64,829.76,111.8,157.57,176.26,71.45,156.25,317.25,101.125,148.15,345.21,118.5,32.1464,87.82
2025-03-11 04:00:00,220.84,380.45,165.98,196.59,108.76,605.71,230.58,229.14,39.61,531.43,165.86,25.99,824.06,109.16,154.08,173.12,71.04,152.33,306.76,99.58,154.06,339.77,117.7,31.9331,87.44
2025-03-12 04:00:00,216.98,383.27,169.0,198.89,115.74,619.56,248.09,227.9,39.91,535.71,162.85,25.71,821.86,109.13,152.67,168.37,69.94,148.17,299.4,98.69,158.8,338.13,116.64,31.59,85.2
2025-03-13 04:00:00,209.68,378.77,164.73,193.89,115.58,590.64,240.68,225.19,39.67,524.81,162.99,25.6,801.65,108.67,153.61,168.59,69.62,148.34,297.5,96.04,159.32,333.31,118.21,31.3431,84.5
2025-03-14 04:00:00,213.49,388.56,167.62,197.95,121.67,607.6,249.98,232.44,40.89,541.41,162.81,25.72,813.48,111.9,157.02,167.97,69.16,148.59,299.83,98.11,161.81,339.64,120.12,32.2552,85.35
2025-03-17 04:00:00,214.0,388.7,166.57,195.74,119.53,604.9,238.01,233.93,41.44,551.34,162.84,26.05,824.76,113.76,158.72,169.76,70.12,151.34,303.97,99.08,161.85,342.64,120.81,32.5105,87.46
2025-03-18 04:00:00,212.69,383.52,162.67,192.82,115.43,582.36,225.31,234.97,41.65,551.78,164.25,26.31,822.51,113.64,160.81,167.71,69.38,148.99,303.6,98.28,161.57,336.71,120.76,32.2678,85.59
2025-03-19 04:00:00,215.24,387.82,166.28,195.54,117.52,584.06,235.86,239.11,42.21,557.34,162.99,26.21,837.01,115.41,164.05,168.57,69.28,148.11,306.92,99.19,172.62,338.62,119.31,32.4561,86.33
2025-03-20 04:00:00,214.1,386.84,165.05,194.95,118.53,586.0,236.26,239.01,42.48,562.68,163.02,26.19,842.57,115.9,164.77,167.55,69.71,147.15,307.0,99.28,172.83,336.25,120.16,32.1883,85.81
2025-03-21 04:00:00,218.27,391.26,166.25,196.21,117.7,596.25,248.71,241.63,42.47,565.14,163.63,26.28,837.57,115.5,164.75,166.69,68.67,145.45,305.44,97.07,178.11,335.78,119.1,31.4519,85.98
2025-03-24 04:00:00,220.73,393.08,169.93,203.26,121.41,618.85,278.39,248.06,43.07,580.1,163.29,26.14,864.9,115.8,165.02,165.65,68.95,146.45,305.67,95.72,180.9,341.67,118.15,32.2469,87.49
2025-03-25 04:00:00,223.75,395.16,172.79,205.71,120.69,626.31,288.14,251.13,43.28,585.94,161.02,25.55,852.35,116.59,165.94,162.85,68.81,145.54,306.92,95.88,182.59,342.62,116.08,31.9874,84.76
2025-03-26 04:00:00,221.53,389.97,167.14,201.13,113.76,610.98,272.06,251.03,42.82,573.92,161.72,25.21,826.76,118.27,167.97,166.58,70.02,148.64,313.58,97.97,178.55,341.11,117.11,32.0042,85.21
2025-03-27 04:00:00,223.85,390.58,164.08,201.36,111.43,602.58,273.13,248.12,42.56,558.92,163.13,25.01,821.67,117.89,166.65,168.71,70.74,149.67,312.69,98.85,179.11,339.3,117.65,31.7824,85.63
2025-03-28 04:00:00,217.9,378.8,156.06,192.72,109.67,576.74,263.55,242.85,41.25,543.12,163.71,25.21,822.51,117.73,166.09,168.03,70.37,149.27,307.09,97.73,173.31,329.69,119.41,30.9749,85.15
2025-03-31 04:00:00,222.13,375.39,156.23,190.26,108.38,576.36,259.16,245.3,41.73,546.29,165.84,25.34,825.91,118.93,167.29,170.42,71.62,149.94,312.37,98.09,170.55,329.8,121.97,31.2469,87.79
2025-04-01 04:00:00,223.19,382.19,158.88,192.17,110.15,586.0,268.46,243.66,41.49,548.45,153.25,24.54,805.23,119.04,168.51,170.56,71.87,149.67,313.63,98.23,168.17,330.57,121.07,31.3305,88.83
2025-04-02 04:00:00,223.89,382.14,158.86,196.01,110.42,583.93,282.76,245.82,41.85,563.1,155.36,24.7,818.22,118.67,166.47,169.5,71.33,149.12,311.58,99.41,168.56,334.66,120.39,31.4854,89.76
2025-04-03 04:00:00,203.19,373.11,152.63,178.41,101.8,531.62,267.28,228.69,37.22,511.23,159.82,24.29,789.09,112.43,156.12,172.39,73.18,151.37,318.27,88.26,150.91,305.76,124.05,28.3598,87.26
2025-04-04 04:00:00,188.38,359.84,147.74,171.0,94.31,504.73,239.43,210.28,34.39,470.81,153.24,22.97,738.21,104.34,143.28,163.75,69.93,146.61,300.11,82.1,136.59,288.08,118.93,24.7448,83.19
2025-04-07 04:00:00,181.46,357.86,149.24,175.26,97.64,516.25,233.29,214.44,35.58,465.51,150.62,22.63,723.73,102.94,140.15,160.23,68.37,143.19,299.89,80.0,138.86,280.06,116.86,24.1757,83.83
2025-04-08 04:00:00,172.42,354.56,146.58,170.66,96.3,510.45,221.86,216.87,35.03,462.22,150.0,21.84,726.24,100.77,136.93,158.39,68.42,140.3,299.83,79.69,139.39,273.94,115.95,23.0669,81.79
2025-04-09 04:00:00,198.85,390.49,161.06,191.1,114.33,585.77,272.2,234.34,37.15,516.87,150.97,22.49,753.71,105.8,146.03,162.32,69.95,145.59,303.96,88.68,160.82,301.01,116.31,25.9205,89.6
2025-04-10 04:00:00,190.42,381.35,155.37,181.22,107.57,546.29,252.4,227.11,35.85,489.8,148.69,21.59,720.91,99.93,134.98,163.56,70.76,144.14,306.78,84.6,155.52,289.16,116.84,24.1255,90.61
2025-04-11 04:00:00,198.15,388.45,159.4,184.87,110.93,543.57,252.31,236.2,35.95,494.44,151.73,21.91,732.41,103.14,135.63,166.91,71.43,144.43,309.9,85.43,156.84,293.45,118.94,24.6402,92.8
2025-04-14 04:00:00,202.52,387.81,161.47,182.12,110.71,531.48,252.35,234.72,36.67,503.98,154.36,22.12,754.35,103.39,135.32,169.13,72.45,146.75,316.07,85.49,159.28,298.12,120.6,25.5105,94.73
2025-04-15 04:00:00,202.14,385.73,158.68,179.59,112.2,521.52,254.11,233.13,37.99,507.89,153.62,22.44,757.18,103.1,134.54,168.47,71.86,142.84,312.48,83.71,155.52,293.43,120.49,25.2971,93.97
2025-04-16 04:00:00,194.27,371.61,155.5,174.33,104.49,502.31,241.55,229.61,37.33,499.05,153.91,22.04,734.9,104.19,135.36,166.39,71.68,140.09,309.1,80.76,156.47,290.14,120.35,24.7908,91.19
2025-04-17 04:00:00,196.98,367.78,153.36,172.61,101.49,501.48,241.37,231.96,37.41,509.49,157.47,22.14,839.96,106.92,137.87,170.63,73.0,142.84,311.3,81.5,161.9,294.25,121.8,25.1632,93.22
2025-04-21 04:00:00,193.16,359.12,149.86,167.32,96.91,484.66,227.5,228.99,36.92,501.36,156.92,22.04,818.02,105.35,133.73,165.75,72.77,141.73,308.72,80.68,159.34,284.74,120.17,25.1506,92.41
2025-04-22 04:00:00,199.74,366.82,153.9,173.18,98.89,500.28,237.97,235.59,38.32,519.99,157.75,22.53,827.54,108.3,137.3,167.88,73.9,143.46,319.08,81.75,162.52,291.17,122.53,25.8745,94.85
2025-04-23 04:00:00,204.6,374.39,157.72,180.6,102.71,520.27,250.74,240.88,38.75,529.31,155.38,22.39,829.42,107.37,136.68,165.73,73.3,142.26,318.48,82.81,172.37,295.77,121.42,26.3849,94.96
2025-04-24 04:00:00,208.37,387.3,161.47,186.54,106.43,533.15,259.51,244.64,39.58,545.37,154.93,22.78,859.73,108.63,139.07,159.53,72.52,135.31,316.22,83.86,176.26,306.86,120.7,27.636,95.84
2025-04-25 04:00:00,209.28,391.85,163.85,188.99,111.01,547.27,284.95,243.55,39.69,544.86,154.58,22.92,884.54,108.57,138.73,161.02,71.91,133.38,316.74,83.81,177.95,306.45,119.85,27.4854,95.09
2025-04-28 04:00:00,210.14,391.16,162.42,187.7,108.73,549.74,285.88,243.22,39.78,546.4,155.35,23.05,877.29,108.63,140.1,161.85,71.79,133.76,316.81,83.9,182.3,307.06,120.67,27.477,95.22
2025-04-29 04:00:00,211.21,394.04,162.06,187.39,109.02,554.44,292.03,244.62,39.99,548.92,155.91,23.79,885.2,108.36,139.3,162.26,72.35,134.31,314.5,84.85,182.0,307.4,121.7,27.5523,96.04
2025-04-30 04:00:00,212.5,395.26,160.89,184.42,108.92,549.0,282.16,244.62,39.88,547.55,156.31,24.41,898.95,105.63,136.06,162.57,72.55,135.58,319.65,80.05,183.24,309.27,122.02,27.6109,97.25
2025-05-01 04:00:00,213.32,425.4,162.79,190.2,111.61,572.21,280.52,246.89,40.17,553.83,154.46,23.93,794.1,105.78,136.26,159.98,71.29,133.55,313.64,82.01,182.89,313.96,121.33,27.636,97.41
2025-05-02 04:00:00,205.35,435.28,165.81,189.98,114.5,597.02,287.21,252.51,41.07,566.1,156.12,24.2,823.62,106.21,138.5,160.52,71.65,133.75,311.96,84.69,185.46,323.68,121.58,28.1381,98.75
2025-05-05 04:00:00,198.89,436.17,166.05,186.35,113.82,599.27,280.26,252.56,41.12,559.56,155.0,23.87,821.46,103.27,135.5,158.83,71.7,131.99,315.72,81.66,186.46,323.11,120.75,27.3264,99.33
2025-05-06 04:00:00,198.51,433.31,165.2,185.01,113.54,587.31,275.35,249.25,40.84,549.36,154.47,22.88,775.12,104.71,135.6,159.25,71.72,130.74,316.79,82.78,185.96,320.89,122.94,27.2134,98.55
2025-05-07 04:00:00,196.25,433.35,152.8,188.71,117.06,596.81,276.22,249.39,40.93,551.92,157.3,22.79,776.72,104.61,135.79,159.29,72.4,131.915,318.13,82.71,185.56,320.29,122.6,27.0126,98.83
2025-05-08 04:00:00,197.49,438.17,155.75,192.08,117.37,598.01,284.82,253.47,41.6,565.7,155.66,22.97,751.45,106.07,137.04,158.65,71.17,131.43,313.49,82.19,191.7,324.25,120.0,27.7197,97.43
2025-05-09 04:00:00,198.53,438.73,154.38,193.06,116.65,592.49,298.26,253.08,41.79,567.1,154.22,22.28,734.57,107.31,138.49,157.66,70.52,130.44,313.68,80.3,194.85,325.62,120.33,27.9372,96.72
2025-05-12 04:00:00,210.79,449.26,159.58,208.64,123.0,639.43,318.38,260.05,43.36,591.34,154.14,23.09,755.57,109.16,141.62,160.9,69.53,131.68,311.92,85.67,198.53,342.55,115.85,29.8201,96.75
2025-05-13 04:00:00,212.93,449.14,160.89,211.37,129.93,656.03,334.07,263.01,44.28,603.81,148.44,22.87,746.06,109.46,142.35,158.73,68.96,130.31,308.69,86.88,203.42,352.54,113.07,29.5439,95.88
2025-05-14 04:00:00,212.33,452.94,166.81,210.25,135.34,659.36,347.68,265.64,44.74,611.6,146.36,22.02,715.56,108.48,141.67,158.02,69.16,128.45,307.5,86.535,204.72,349.66,112.46,28.5481,96.83
2025-05-15 04:00:00,211.45,453.13,165.4,205.17,134.83,643.88,342.82,267.49,44.38,615.9,149.61,22.6,733.29,108.58,142.26,162.41,71.61,131.5,314.48,87.26,206.24,349.81,115.94,28.5272,96.35
2025-05-16 04:00:00,211.26,454.27,167.43,205.59,135.4,640.34,349.98,267.56,44.69,619.03,151.33,22.83,757.39,108.19,142.1,163.28,72.0,131.98,318.61,85.57,205.82,353.58,116.26,29.0042,98.24
2025-05-19 04:00:00,208.78,458.87,167.87,206.16,135.57,640.43,342.09,264.88,44.77,612.3,152.49,23.0,755.11,106.47,138.49,164.77,71.93,131.79,321.23,84.61,205.25,352.57,116.99,28.8368,98.12
2025-05-20 04:00:00,206.86,458.17,165.32,204.07,134.38,637.1,343.82,265.68,44.69,606.52,153.66,23.52,747.01,104.95,137.27,165.64,71.69,131.8,319.8,85.59,207.67,349.49,117.31,28.8452,97.8
2025-05-21 04:00:00,202.09,452.57,170.06,201.12,131.8,635.5,334.62,261.04,43.25,593.46,153.18,23.04,724.95,103.66,135.56,165.43,71.85,130.15,316.44,82.98,203.21,342.51,116.44,28.4142,96.43
2025-05-22 04:00:00,201.36,454.86,171.98,203.1,132.83,636.57,341.04,260.67,43.31,598.23,152.61,23.04,715.2,102.97,135.29,165.03,71.14,130.12,314.31,83.97,203.41,345.19,115.57,28.4561,95.93
2025-05-23 04:00:00,195.27,450.18,169.59,200.99,131.29,627.06,339.34,260.71,43.2,598.54,152.94,23.32,713.71,103.03,136.54,165.86,71.77,129.34,314.57,84.4,202.36,343.39,116.49,28.3054,96.34
2025-05-27 04:00:00,200.21,460.69,173.98,206.02,135.5,642.32,362.89,265.29,44.22,615.73,153.25,23.61,725.22,103.52,137.83,167.76,71.78,131.37,314.95,87.01,201.03,351.51,116.38,28.9833,97.58
2025-05-28 04:00:00,200.42,457.36,173.38,204.72,134.81,643.58,356.9,263.49,44.06,608.44,152.43,23.18,719.39,102.11,136.02,167.36,71.15,130.67,312.84,86.0,201.5,349.49,114.45,28.4895,97.24
2025-05-29 04:00:00,199.95,458.68,172.96,205.7,139.19,645.05,358.43,264.37,44.24,604.86,153.58,23.45,722.57,102.69,137.91,168.56,71.49,131.92,311.86,84.05,208.18,351.79,115.45,28.8619,97.1
2025-05-30 04:00:00,200.85,460.36,172.85,205.01,135.13,647.49,346.46,264.0,44.13,600.45,155.21,23.49,737.67,102.3,136.7,169.89,72.1,131.45,313.85,83.95,207.32,348.03,117.72,27.9498,98.72
2025-06-02 04:00:00,201.7,461.97,170.37,206.65,137.38,670.9,342.69,264.66,44.08,598.72,155.4,23.46,747.12,103.05,137.84,167.78,72.0,130.91,312.68,85.19,211.47,344.67,117.23,27.6485,99.77
2025-06-03 04:00:00,203.27,462.97,167.71,205.71,141.22,666.85,344.27,266.27,44.65,603.83,154.42,23.35,750.78,103.8,139.55,166.85,71.16,131.85,312.39,86.6,213.43,349.4,116.73,28.2176,99.98
2025-06-04 04:00:00,202.82,463.87,169.39,207.23,141.92,687.95,332.05,264.22,44.36,599.21,153.22,23.39,765.84,102.3,137.37,165.95,71.37,131.74,311.57,88.11,211.98,349.33,115.98,28.431,99.35
2025-06-05 04:00:00,200.63,467.68,169.81,207.91,139.99,684.62,284.7,261.95,44.38,605.88,153.66,23.12,765.68,101.83,136.9,162.8,70.91,131.11,308.98,86.99,209.02,348.96,115.74,28.205,97.96
2025-06-06 04:00:00,203.92,470.38,174.92,213.57,141.72,697.71,295.14,265.73,44.97,614.0,155.03,23.35,769.88,104.27,140.21,164.02,71.35,130.03,307.36,89.64,210.8,353.35,115.23,28.5063,97.47
2025-06-09 04:00:00,201.45,472.75,177.63,216.98,142.63,694.06,308.58,266.74,44.87,613.52,155.23,23.97,773.71,104.97,140.76,162.56,71.77,129.96,304.78,90.67,217.51,358.07,115.47,28.6946,97.45
2025-06-10 04:00:00,202.67,470.92,180.01,217.61,143.96,702.4,326.09,268.6,45.09,614.87,156.45,24.3,807.19,107.22,143.35,162.84,72.35,131.83,300.43,91.43,215.73,358.57,116.33,29.3515,97.32
2025-06-11 04:00:00,198.78,472.62,178.79,213.2,142.83,694.14,326.43,268.15,44.73,624.17,155.26,24.48,808.61,109.31,144.78,162.11,72.07,129.9,301.72,95.39,214.0,363.14,116.35,29.0377,95.8
2025-06-12 04:00:00,199.2,478.87,176.97,213.24,145.0,693.36,319.11,268.24,44.62,625.11,156.66,24.84,812.03,109.73,144.97,163.18,72.24,132.3,303.16,94.32,203.75,360.96,117.28,28.636,94.83
2025-06-13 04:00:00,196.45,474.96,175.88,212.1,141.97,682.87,325.31,264.95,44.09,613.54,157.1,24.54,819.36,112.12,145.91,160.28,71.02,130.85,301.91,93.26,200.32,357.05,116.86,27.9791,94.44
2025-06-16 04:00:00,198.42,479.14,177.94,216.1,144.69,702.12,329.13,270.36,44.41,627.85,155.22,24.4,807.58,112.48,146.03,160.88,70.52,131.41,296.29,93.48,201.7,362.44,115.4,28.4435,94.29
2025-06-17 04:00:00,195.64,478.04,177.23,214.82,144.12,697.23,316.35,269.52,44.23,624.64,152.38,24.0,791.24,114.0,148.85,158.52,69.62,129.29,292.31,91.59,200.26,357.68,114.79,28.0921,94.25
2025-06-18 04:00:00,196.58,480.24,173.98,212.52,145.48,695.77,322.05,273.96,45.06,635.24,150.73,23.88,785.03,113.19,148.19,158.02,69.21,129.07,289.63,92.28,197.68,359.8,114.58,27.9749,95.09
2025-06-20 04:00:00,201.0,477.4,167.73,209.69,143.85,682.35,322.16,275.0,45.5,640.8,149.79,23.97,762.73,114.7,149.55,159.08,68.84,129.07,287.46,93.12,198.75,360.52,115.4,27.6904,96.12
2025-06-23 04:00:00,201.5,486.0,166.01,208.47,144.17,698.53,348.68,278.27,46.3,646.88,151.32,24.03,770.64,111.74,146.86,161.03,69.74,129.09,289.52,92.34,201.31,366.23,116.97,28.0335,97.87
2025-06-24 04:00:00,200.3,490.11,167.74,212.77,147.9,712.2,340.47,281.26,46.66,662.11,152.19,24.31,778.08,108.34,143.55,160.36,70.21,131.05,291.47,91.5,200.94,373.02,116.95,28.5397,98.0
2025-06-25 04:00:00,201.56,492.27,171.49,211.99,154.31,708.68,327.55,284.06,46.85,669.87,152.28,24.26,792.3,108.37,143.23,158.97,69.63,128.02,285.55,91.1,198.9,371.58,115.95,28.4477,97.26
2025-06-26 04:00:00,201.0,497.45,174.43,217.12,155.02,726.09,325.78,288.75,47.46,687.16,152.01,24.24,795.12,109.99,144.44,158.63,69.47,128.22,285.63,91.84,202.58,381.88,116.25,28.9874,96.02
2025-06-27 04:00:00,201.08,495.94,178.27,223.3,157.75,733.63,323.63,287.11,47.12,690.81,152.41,24.19,775.45,109.38,143.79,159.86,70.33,131.04,291.55,92.11,214.55,384.71,116.92,28.8201,97.27
2025-06-30 04:00:00,205.17,497.41,177.39,219.39,157.99,738.09,317.66,289.91,47.32,707.75,152.75,24.24,779.53,107.8,143.19,159.32,70.75,132.04,292.17,91.63,209.53,388.21,118.0,28.6987,97.78
2025-07-01 04:00:00,207.82,492.05,176.91,220.46,153.3,719.22,300.71,290.41,48.15,706.46,155.92,25.04,775.9,109.24,145.57,161.22,71.67,135.26,297.49,94.92,209.79,390.92,118.87,29.8954,98.24
2025-07-02 04:00:00,212.44,491.09,179.76,219.92,157.25,713.57,315.65,292.0,48.71,715.89,155.56,25.32,779.28,111.05,147.98,161.2,70.91,136.48,294.63,94.18,212.03,398.43,117.06,30.523,97.61
2025-07-03 04:00:00,213.55,498.84,180.55,223.41,159.34,719.01,315.35,296.0,48.93,723.68,156.01,25.38,780.67,112.2,148.37,160.83,71.35,135.38,294.08,94.44,215.92,397.86,117.31,30.8452,98.36
2025-07-07 04:00:00,209.95,497.72,177.56,223.47,158.24,718.35,293.94,291.97,48.66,710.93,155.27,25.24,772.87,111.11,147.4,160.5,71.01,134.45,293.53,93.64,218.63,391.51,117.29,30.5356,99.35
2025-07-08 04:00:00,210.01,496.62,175.16,219.36,160.0,720.67,297.81,282.78,47.15,697.28,155.79,25.62,777.66,114.19,153.24,157.89,70.24,135.04,291.67,94.94,218.52,394.29,116.31,31.159,97.09
2025-07-09 04:00:00,211.14,503.51,177.66,222.54,162.88,732.78,295.88,283.16,46.84,696.56,156.28,25.56,786.92,113.8,153.02,157.52,69.48,134.48,293.02,95.25,226.6,402.18,117.17,31.6067,96.81
2025-07-10 04:00:00,212.41,501.48,178.7,222.26,164.1,727.24,309.87,288.19,46.97,709.12,157.69,25.78,790.65,114.93,154.17,158.49,69.77,136.08,298.39,95.15,226.09,408.33,118.17,31.8536,94.86
2025-07-11 04:00:00,211.16,503.32,181.31,225.02,164.92,717.51,313.51,286.86,46.73,704.95,156.9,25.65,793.01,115.43,155.31,157.05,69.87,135.26,299.91,94.94,226.84,405.92,117.46,31.5858,94.4
2025-07-14 04:00:00,208.62,503.02,182.81,225.69,164.07,720.92,316.9,288.7,47.07,713.3,156.82,25.35,799.34,113.92,151.65,153.76,69.47,135.57,301.88,93.42,230.51,405.77,117.93,31.3222,95.78
2025-07-15 04:00:00,209.11,505.82,183.1,226.35,170.7,710.39,310.78,286.55,46.15,702.51,155.17,24.61,771.75,112.91,150.69,152.68,69.36,133.81,299.62,92.48,230.0,404.64,117.1,30.9958,95.39
2025-07-16 04:00:00,210.16,505.62,183.77,223.19,171.37,702.91,321.67,285.82,46.03,708.82,164.78,24.61,789.8,112.23,149.92,153.73,69.27,135.35,298.9,92.51,229.9,412.88,117.79,30.9414,95.15
2025-07-17 04:00:00,210.02,511.7,184.7,223.88,173.0,701.41,319.41,289.9,47.02,705.84,162.98,24.58,761.5,111.66,151.38,155.62,70.59,145.44,300.37,93.19,231.0,418.07,117.46,31.1506,95.09
2025-07-18 04:00:00,211.18,510.05,185.94,226.13,172.41,704.28,329.65,291.27,47.32,708.26,163.7,24.47,771.71,107.77,150.04,155.1,69.85,143.24,297.07,93.8,229.34,413.71,118.42,31.6109,95.05
2025-07-21 04:00:00,212.48,510.06,191.15,229.3,171.38,712.965,328.49,290.97,47.48,706.0,164.36,24.26,762.18,108.05,149.68,155.03,70.07,141.7,295.74,92.66,229.32,410.07,119.83,31.7782,95.67
2025-07-22 04:00:00,214.4,505.27,192.11,227.47,167.03,704.81,332.11,291.43,47.77,700.41,167.93,25.14,776.44,108.54,150.04,158.32,69.66,146.04,299.17,96.94,228.48,417.19,120.73,32.4435,95.85
2025-07-23 04:00:00,214.15,505.87,191.51,228.29,170.78,713.58,332.56,296.76,48.14,717.52,169.1,25.36,798.89,109.93,153.12,158.28,69.16,145.66,298.12,95.92,233.88,427.59,119.51,32.0418,95.68
2025-07-24 04:00:00,213.76,510.88,193.2,232.23,173.74,714.8,305.3,296.55,48.39,719.18,169.56,25.35,805.43,110.79,155.83,158.81,69.1,144.51,294.48,93.7,231.27,429.52,119.75,31.2971,96.6
2025-07-25 04:00:00,213.88,513.71,194.08,231.44,173.5,712.68,316.06,298.62,48.45,728.98,168.3,24.79,812.69,110.4,154.84,158.3,69.17,143.45,298.47,94.42,233.06,433.75,119.93,31.7029,97.47
2025-07-28 04:00:00,214.05,512.5,193.42,232.79,176.75,717.63,325.59,298.28,48.23,723.65,166.22,24.31,808.11,111.44,156.28,157.11,68.09,141.57,299.22,93.67,236.41,432.94,117.6,31.4059,97.61
2025-07-29 04:00:00,211.27,512.57,196.43,231.01,175.51,700.0,321.2,297.04,47.95,731.98,168.11,24.3,762.95,112.88,157.03,156.61,69.38,143.89,302.67,92.96,226.08,430.05,119.49,31.0879,98.33
2025-07-30 04:00:00,209.05,513.24,197.44,230.19,179.27,695.21,319.04,299.63,47.96,730.75,167.26,23.81,760.08,111.9,153.56,152.88,68.75,142.86,303.61,92.76,225.84,434.12,120.48,30.2092,97.59
2025-07-31 04:00:00,207.57,533.5,192.86,234.11,177.87,773.44,308.27,296.24,47.27,723.59,164.74,23.29,740.07,111.64,151.64,150.47,67.89,137.92,300.07,89.16,221.84,438.02,121.64,30.0837,97.98
2025-08-01 04:00:00,202.38,524.11,189.95,214.75,173.72,750.01,302.63,289.37,45.66,709.57,167.33,23.49,762.33,109.64,151.4,150.65,68.86,139.28,302.89,86.86,221.9,428.69,122.91,29.2636,98.49
2025-08-04 04:00:00,203.35,535.64,195.75,211.65,180.0,776.37,309.26,294.26,45.85,726.03,171.04,23.53,769.0,107.37,151.04,150.76,68.96,139.56,304.23,89.78,222.34,433.7,124.17,29.6695,99.59
2025-08-05 04:00:00,202.92,527.75,195.32,213.75,178.26,763.46,308.72,291.37,45.56,720.91,170.74,24.75,765.95,107.24,153.04,150.51,69.05,139.45,298.77,90.2,224.86,434.23,124.0,30.3766,99.31
2025-08-06 04:00:00,213.25,524.94,196.92,222.31,179.42,771.99,319.91,291.35,45.42,724.74,170.59,23.93,746.37,106.51,152.78,152.86,69.51,140.8,307.66,88.99,225.04,427.72,125.21,29.6234,103.36
2025-08-07 04:00:00,220.03,520.84,197.28,223.13,180.77,761.83,322.27,286.94,44.92,719.74,171.53,24.23,640.86,105.95,153.16,153.49,70.43,143.92,307.91,91.02,227.33,417.12,125.93,29.6569,103.12
2025-08-08 04:00:00,229.35,522.04,202.09,222.69,182.7,769.3,329.65,288.76,46.01,721.27,173.33,24.58,625.65,106.8,155.01,153.51,70.34,145.21,305.45,92.12,229.12,416.52,125.32,29.4854,103.73
2025-08-11 04:00:00,227.18,521.77,201.63,221.3,182.06,765.87,339.03,289.56,46.16,719.24,173.82,24.58,635.22,105.83,153.45,154.98,70.75,144.87,304.36,91.74,225.96,408.54,125.56,29.2469,103.93
2025-08-12 04:00:00,229.65,529.24,204.16,221.47,183.16,790.0,340.84,292.85,47.5,743.38,172.78,24.65,639.43,106.13,154.44,155.09,70.71,146.87,301.64,93.37,232.61,412.71,124.47,30.0962,103.62
2025-08-13 04:00:00,233.33,520.58,203.03,224.56,181.59,780.08,339.38,290.53,47.24,744.69,174.42,25.16,660.49,107.6,155.87,155.41,70.46,149.35,305.07,94.18,233.37,413.7,125.71,30.9582,100.99
2025-08-14 04:00:00,232.78,522.48,203.82,230.98,182.02,782.13,335.58,294.16,47.71,747.2,174.72,25.11,684.43,107.38,155.16,153.74,69.55,148.62,308.95,93.06,233.19,417.5,124.26,30.8033,100.85
2025-08-15 04:00:00,231.59,520.17,204.91,231.03,180.45,785.23,330.56,290.49,46.94,730.72,176.64,25.14,701.23,106.49,156.55,154.36,69.92,150.4,308.93,90.6,235.26,407.79,122.45,30.5774,100.0
2025-08-18 04:00:00,230.89,517.1,204.29,231.49,182.01,767.37,335.16,291.53,47.92,730.96,176.25,25.07,698.05,106.72,155.32,155.72,69.13,149.55,308.7,92.54,232.41,412.64,121.46,30.6234,100.7
2025-08-19 04:00:00,230.56,509.77,202.49,228.01,175.64,751.48,329.31,290.66,48.08,721.38,177.8,25.32,703.21,107.42,152.0,158.4,70.13,152.16,310.93,90.93,225.0,416.09,123.78,30.8703,101.29
2025-08-20 04:00:00,226.01,505.72,200.19,223.81,175.4,747.72,323.9,292.24,48.35,720.68,178.84,25.38,705.44,108.53,153.22,159.51,70.7,150.73,313.08,89.51,225.62,420.59,124.48,31.1632,102.57
2025-08-21 04:00:00,224.9,504.24,200.62,221.95,174.98,739.1,320.11,291.47,48.26,715.95,178.93,25.74,709.82,109.23,155.55,158.73,70.66,148.98,313.22,88.56,224.46,417.89,124.14,31.1925,97.96
2025-08-22 04:00:00,227.76,507.23,206.72,228.84,177.99,754.79,340.01,296.24,49.48,741.89,179.29,25.88,711.68,111.28,158.18,158.67,70.13,149.64,314.07,88.38,230.12,435.67,124.34,32.3515,96.83
2025-08-25 04:00:00,227.16,504.26,209.16,227.94,179.81,753.3,346.6,294.9,49.48,738.79,178.41,25.14,695.33,111.74,158.2,156.15,68.93,148.2,313.44,85.81,226.87,432.3,123.11,32.2008,96.07
2025-08-26 04:00:00,229.31,502.04,207.95,228.71,181.77,754.1,351.67,298.57,50.25,748.95,176.49,24.92,736.03,111.49,157.36,155.97,68.73,147.0,312.94,86.63,234.83,431.26,123.28,32.3431,96.05
2025-08-27 04:00:00,230.49,506.74,208.21,229.12,181.6,747.38,349.6,299.28,50.38,749.67,176.79,25.07,734.17,112.75,159.24,156.96,68.83,147.64,311.43,87.66,235.62,432.67,123.68,32.5649,96.08
2025-08-28 04:00:00,232.56,509.64,212.37,231.6,180.17,751.11,345.98,301.07,50.49,751.22,175.45,24.6,731.96,113.35,159.32,155.65,68.36,146.98,312.22,88.02,236.16,434.91,122.37,32.4812,96.11
2025-08-29 04:00:00,232.14,506.69,213.53,229.0,174.18,738.7,333.87,301.42,50.74,745.25,177.17,24.76,732.58,114.29,160.6,157.04,68.99,148.65,313.54,88.19,234.68,419.04,122.49,32.1841,96.98
2025-09-02 04:00:00,229.72,505.12,211.99,225.34,170.78,735.11,329.36,299.7,50.42,730.85,178.06,24.98,735.19,114.69,161.83,157.99,69.06,150.28,315.76,89.78,237.38,416.05,121.89,31.7113,97.85
2025-09-03 04:00:00,238.47,505.35,231.1,225.99,170.62,737.05,334.09,299.51,50.06,730.56,178.0,24.79,737.83,111.91,158.06,158.17,68.99,148.64,316.39,87.25,232.38,415.12,121.5,31.6192,99.44
2025-09-04 04:00:00,239.78,507.97,232.66,235.68,171.66,748.65,338.53,303.82,50.62,748.9,178.76,24.54,742.91,112.4,157.69,159.19,68.25,146.89,316.99,87.01,230.75,420.22,120.87,32.2803,100.93
2025-09-05 04:00:00,239.69,495.0,235.17,232.33,167.02,752.45,350.84,294.38,49.77,738.21,178.43,24.88,727.21,109.23,153.66,160.02,67.96,146.39,314.38,85.43,229.61,423.08,120.61,32.5607,100.51
2025-09-08 04:00:00,237.88,498.2,234.16,235.84,168.31,752.3,346.4,292.91,49.46,741.85,178.13,24.55,738.64,109.85,154.0,159.01,67.43,141.71,312.8,84.17,230.95,422.78,120.17,32.5272,102.28
2025-09-09 04:00:00,234.35,498.41,239.94,238.24,170.76,765.7,346.97,297.85,50.29,763.92,176.96,24.71,750.61,110.65,154.85,159.46,67.86,143.1,312.52,83.81,229.52,418.09,120.38,32.113,102.29
2025-09-10 04:00:00,226.79,500.37,239.56,230.33,177.33,751.98,347.79,300.54,50.13,769.58,175.79,24.57,754.62,112.5,157.79,157.35,67.82,142.66,305.94,82.88,227.52,422.91,121.35,31.841,100.41
2025-09-11 04:00:00,230.03,501.01,240.78,229.95,177.17,750.9,368.81,305.56,50.75,784.73,178.5,24.86,756.28,112.14,158.25,158.63,67.62,144.23,308.43,82.36,219.99,431.38,122.11,32.6318,102.65
2025-09-12 04:00:00,234.07,509.9,241.38,228.15,177.82,755.59,395.94,306.91,50.58,780.06,178.06,23.87,755.39,112.16,157.11,157.9,67.01,143.53,305.4,81.9,215.94,431.52,121.95,32.3389,103.49
2025-09-15 04:00:00,236.7,515.36,251.76,231.43,177.75,764.7,410.04,308.9,50.59,786.76,177.4,23.97,748.19,112.35,157.31,156.83,66.21,140.64,302.07,82.68,215.75,435.94,122.37,32.2636,103.69
2025-09-16 04:00:00,238.15,509.04,251.42,234.05,174.88,779.0,421.62,309.19,50.66,785.53,176.46,23.9,764.71,114.68,159.54,158.05,66.24,140.03,303.29,84.37,215.02,440.67,120.25,32.2887,103.42
2025-09-17 04:00:00,238.99,510.02,249.85,231.62,170.29,775.715,425.86,311.75,51.4,794.22,177.2,24.05,760.13,115.29,160.09,160.33,67.04,141.23,304.97,83.22,214.63,450.66,121.1,32.1255,104.27
2025-09-18 04:00:00,237.88,508.45,252.33,231.23,176.24,780.25,416.85,313.23,52.13,804.31,174.16,24.15,762.93,113.93,158.84,157.32,66.46,140.73,301.14,83.42,215.66,466.96,120.39,32.6778,103.6
2025-09-19 04:00:00,245.5,517.93,255.24,231.48,176.67,778.38,426.07,314.78,52.25,805.0,176.19,24.03,751.99,112.82,156.21,156.04,66.43,141.76,302.38,84.56,215.65,466.54,121.08,32.6778,102.33
2025-09-22 04:00:00,256.08,514.45,252.88,227.63,183.61,765.16,434.21,312.44,51.92,805.56,174.21,24.04,754.95,112.02,156.05,153.07,66.21,141.03,302.99,85.29,212.09,472.1,121.58,32.7448,102.82
2025-09-23 04:00:00,254.43,509.23,252.34,220.71,178.43,755.4,425.85,312.74,51.7,806.32,176.58,24.13,746.98,113.95,157.42,152.5,66.71,141.9,303.19,85.69,216.34,471.26,123.1,32.4142,102.52
2025-09-24 04:00:00,252.31,510.15,247.83,220.21,176.97,760.66,442.79,313.42,51.7,792.43,176.69,24.09,741.85,114.56,159.18,152.42,66.45,142.17,304.33,84.27,215.1,469.79,123.64,31.7197,102.73
2025-09-25 04:00:00,256.87,507.03,246.57,218.15,177.69,748.91,423.39,313.45,51.85,794.76,177.73,23.6,714.59,115.59,160.72,152.15,65.98,139.92,302.3,83.83,213.53,463.72,122.32,31.1925,103.05
2025-09-26 04:00:00,255.46,511.46,247.18,219.78,178.19,743.75,440.4,316.06,52.21,802.51,179.71,23.76,724.54,117.22,160.16,152.5,65.67,140.44,305.24,83.39,221.26,465.76,123.02,31.8745,103.16
2025-09-29 04:00:00,254.43,514.6,244.36,222.17,181.85,743.4,443.21,315.69,52.42,804.12,181.62,23.85,726.51,114.22,156.1,153.53,66.04,140.17,302.99,85.64,217.08,471.61,122.8,32.2343,103.08
2025-09-30 04:00:00,254.63,517.95,243.55,219.57,186.58,734.38,444.72,315.43,51.59,796.35,185.42,25.48,763.0,112.75,155.29,153.65,66.32,140.44,303.89,84.6,215.83,477.15,123.75,32.5941,103.06
2025-10-01 04:00:00,255.45,519.71,245.54,220.63,187.24,717.34,459.46,310.71,50.68,785.51,186.05,27.21,825.42,111.99,154.58,153.18,66.78,143.14,300.52,84.4,215.2,480.82,122.39,32.728,101.96
2025-10-02 04:00:00,257.13,515.74,246.43,222.41,188.89,727.05,436.0,307.55,50.48,779.38,185.98,27.08,819.85,111.29,153.37,152.05,66.1,142.31,299.88,86.72,217.43,490.57,121.57,33.887,101.7
2025-10-03 04:00:00,258.02,517.35,246.45,219.51,187.62,710.56,429.83,310.03,50.64,789.98,188.64,27.37,839.87,113.26,153.55,152.27,66.65,141.98,300.98,86.42,216.3,497.85,123.54,33.3556,102.07
2025-10-06 04:00:00,256.69,528.57,251.51,220.9,185.54,715.66,453.25,309.18,50.39,796.78,188.16,26.43,845.05,114.2,154.02,150.41,66.1,139.7,296.04,82.11,219.73,495.38,124.38,33.8159,102.7
2025-10-07 04:00:00,256.48,523.98,247.13,221.78,185.04,713.08,433.09,307.69,50.29,789.65,188.89,26.27,843.63,114.26,154.91,152.54,66.79,140.79,296.32,81.29,221.82,486.71,125.56,33.0042,103.24
2025-10-08 04:00:00,258.06,524.85,245.46,225.22,189.11,717.84,438.69,304.03,49.84,776.51,189.69,25.68,845.72,114.02,153.74,150.69,66.12,138.84,294.4,80.04,225.32,502.12,125.23,32.7908,102.9
2025-10-09 04:00:00,254.04,522.4,242.21,227.74,192.57,733.51,435.54,305.53,49.79,779.96,191.08,25.24,855.35,112.91,151.64,150.58,66.37,144.71,293.81,79.78,216.0,500.36,124.71,32.569,101.77
2025-10-10 04:00:00,245.27,510.96,237.49,216.37,183.16,705.3,413.49,300.89,48.65,764.36,190.72,24.78,833.49,110.73,148.9,149.69,67.04,150.08,297.01,78.46,210.73,491.3,127.02,30.8368,101.84
2025-10-13 04:00:00,247.66,514.05,244.64,220.07,188.32,715.7,435.9,307.97,48.86,786.78,190.9,24.73,819.4,112.24,151.94,147.49,66.8,148.89,300.11,80.03,215.56,504.76,126.09,31.7782,102.12
2025-10-14 04:00:00,247.77,513.57,246.19,216.39,180.03,708.65,429.24,302.08,50.09,770.76,190.85,24.52,812.35,112.29,152.39,149.16,67.51,151.54,304.56,81.15,214.3,527.47,127.82,32.4603,107.21
2025-10-15 04:00:00,249.34,513.43,251.71,215.57,179.83,717.55,435.15,305.69,52.28,767.93,191.17,24.39,826.57,111.61,152.11,147.42,67.08,151.16,305.25,82.86,214.0,534.05,128.67,32.8577,109.03
2025-10-16 04:00:00,247.45,511.61,251.88,214.47,181.81,712.07,428.75,298.54,50.44,758.09,192.12,24.23,819.38,110.64,151.71,149.6,67.59,152.67,305.33,84.34,211.89,540.96,127.4,32.6904,106.47
2025-10-17 04:00:00,252.29,513.58,253.79,213.04,183.22,716.915,439.31,297.56,51.28,750.77,193.22,24.51,802.83,112.24,153.08,151.4,68.44,153.71,308.09,85.36,212.94,527.08,128.53,33.2929,107.73
2025-10-20 04:00:00,262.24,516.79,257.02,216.48,182.64,732.17,447.43,302.36,52.04,763.32,193.72,24.69,808.96,112.7,154.48,151.96,68.44,153.64,307.77,84.53,216.82,531.18,128.94,33.8703,107.05
2025-10-21 04:00:00,262.77,517.66,251.34,222.03,181.16,733.27,442.6,297.09,51.52,758.98,191.88,24.85,799.57,112.71,153.79,151.62,71.22,153.18,307.48,85.9,217.26,524.65,128.33,33.9456,106.22
2025-10-22 04:00:00,258.45,520.54,252.53,217.95,180.28,733.41,438.97,294.11,51.1,744.6,192.94,24.72,812.43,114.71,155.57,152.2,70.81,153.03,310.11,85.5,216.59,513.91,129.03,33.3515,107.14
2025-10-23 04:00:00,259.58,520.56,253.73,221.09,182.16,734.0,448.98,294.54,51.76,750.78,192.47,24.67,821.04,115.98,156.56,152.21,69.94,151.51,306.97,85.44,217.77,520.5,127.26,34.0126,106.86
2025-10-24 04:00:00,262.82,523.61,260.51,224.21,186.26,738.36,433.72,300.44,52.57,783.88,190.4,24.76,825.45,115.39,155.56,152.49,69.71,151.55,305.79,86.09,221.35,522.73,127.37,33.8954,106.17
2025-10-27 04:00:00,268.81,531.52,269.93,226.97,191.49,750.82,452.42,304.15,53.02,789.99,190.3,24.77,826.41,115.94,155.28,151.74,70.06,152.63,310.0,87.22,223.0,527.07,127.49,34.0502,104.47
2025-10-28 04:00:00,269.0,542.07,268.43,229.25,201.03,751.44,460.55,305.36,52.87,792.09,186.93,24.5,820.1,115.03,154.13,151.37,70.16,150.12,306.4,85.43,223.33,524.47,125.65,34.2678,103.17
2025-10-29 04:00:00,269.7,541.55,275.17,230.3,207.04,751.67,461.51,305.51,52.58,783.06,186.6,24.29,813.53,116.45,155.1,148.77,68.35,146.16,302.35,84.17,213.58,585.49,124.29,34.3766,102.46
2025-10-30 04:00:00,271.4,525.76,281.9,222.86,202.89,666.47,440.1,309.44,53.03,790.16,189.05,24.29,844.5,114.69,153.52,149.58,68.98,147.55,302.43,83.15,200.08,583.15,125.21,34.0879,102.23
2025-10-31 04:00:00,270.37,517.81,281.82,244.22,202.49,648.35,456.56,311.12,53.45,789.37,188.87,24.65,862.86,114.36,157.72,150.37,68.9,146.09,298.43,80.87,201.02,577.26,124.3,34.1632,101.18
2025-11-03 05:00:00,269.05,517.03,284.12,254.0,206.88,637.71,468.37,309.35,53.56,785.52,186.26,24.66,896.53,113.76,154.04,148.02,67.97,143.6,296.37,80.96,204.55,570.59,123.67,34.69,101.59
2025-11-04 05:00:00,270.04,514.33,278.06,249.32,198.69,627.32,444.26,309.25,53.54,790.83,186.86,24.3,906.86,114.14,153.39,147.17,68.66,142.9,299.21,79.6,198.05,547.58,123.83,37.76,102.27
2025-11-05 05:00:00,270.14,507.16,284.75,250.2,195.21,635.95,462.07,311.68,52.45,793.09,186.0,24.61,925.81,113.68,152.66,145.79,68.51,142.86,305.67,82.88,197.62,569.15,123.77,39.63,101.47
2025-11-06 05:00:00,269.77,497.1,285.34,243.04,188.08,618.94,445.91,313.42,53.29,787.58,186.97,24.85,937.44,114.5,152.94,146.13,69.06,141.58,298.41,82.22,196.5,569.78,124.0,39.15,101.68
2025-11-07 05:00:00,268.47,496.82,279.7,244.41,188.15,621.71,429.52,314.21,53.2,786.34,186.57,24.43,924.37,117.22,155.02,146.98,70.55,142.95,299.66,85.57,194.61,563.1,123.66,39.8,102.59
2025-11-10 05:00:00,269.43,506.0,290.59,248.4,199.05,631.76,445.23,316.89,53.42,797.2,188.41,24.39,966.64,118.22,155.65,145.5,70.52,142.62,299.1,84.6,194.81,570.85,122.93,40.24,102.42
2025-11-11 05:00:00,275.25,508.68,291.74,249.1,193.16,627.08,439.62,315.62,53.63,810.31,193.83,25.51,988.62,119.78,156.24,148.54,71.61,145.08,306.83,86.42,195.21,567.93,123.67,40.4,103.44
2025-11-12 05:00:00,273.47,511.14,287.43,244.2,193.8,609.01,430.6,320.41,54.11,838.97,194.39,25.87,1017.78,118.12,153.32,148.01,71.51,144.39,306.94,87.26,195.5,573.02,123.9,40.79,103.44
2025-11-13 05:00:00,272.95,503.29,279.12,237.58,186.86,609.89,401.99,309.48,52.87,805.5,195.25,25.79,1022.87,118.79,155.58,147.96,71.07,145.02,307.58,86.44,194.58,553.55,123.59,40.6,102.54
2025-11-14 05:00:00,272.41,510.18,276.98,234.69,190.17,609.46,404.35,303.61,52.61,790.91,195.93,25.06,1025.28,119.29,157.62,147.67,71.16,145.85,307.03,84.78,194.52,554.03,122.71,39.71,102.48
2025-11-17 05:00:00,267.46,507.49,285.6,232.87,186.6,602.01,408.92,300.37,51.48,775.56,199.58,25.08,1021.7,117.68,154.82,145.82,70.68,147.83,304.9,83.69,191.81,552.05,125.18,38.65,102.95
2025-11-18 05:00:00,267.44,493.79,284.96,222.55,181.36,597.69,401.25,299.41,51.64,776.3,200.0,25.45,1030.05,119.03,153.62,146.99,71.22,148.77,304.59,83.33,189.63,546.88,123.8,38.7,101.39
2025-11-19 05:00:00,268.56,487.12,292.99,222.69,186.52,590.32,403.99,303.27,52.02,785.99,202.51,24.88,1049.6,117.35,151.7,146.99,71.11,147.11,302.74,83.68,185.7,553.11,122.23,37.88,100.61
2025-11-20 05:00:00,266.25,478.43,289.98,217.14,180.64,589.15,395.23,298.38,51.0,773.7,203.07,24.4,1043.29,117.02,150.31,148.19,71.21,146.1,304.16,82.62,179.38,546.13,122.54,37.12,107.11
2025-11-21 05:00:00,271.49,472.12,299.65,220.69,178.88,594.25,391.09,298.02,51.56,774.03,203.9,25.04,1059.7,117.08,149.98,150.92,72.95,146.33,309.35,85.35,179.7,550.43,122.8,38.54,105.32
2025-11-24 05:00:00,275.92,474.0,318.47,226.28,182.55,613.05,417.78,298.0,51.93,790.71,206.05,25.22,1070.16,115.97,149.75,146.98,72.59,145.5,304.9,83.34,179.12,559.6,122.09,38.47,104.06
2025-11-25 05:00:00,276.97,476.99,323.64,229.67,177.82,636.22,419.4,303.0,52.48,802.32,206.67,25.72,1109.94,114.51,148.53,148.49,72.61,146.11,310.45,85.91,182.44,566.61,121.93,38.78,107.0
2025-11-26 05:00:00,277.55,485.5,320.28,229.16,180.26,633.61,426.58,307.64,52.99,816.01,207.56,25.71,1104.34,114.77,149.51,148.25,72.88,147.98,312.4,86.7,186.92,573.73,123.43,39.44,109.1
2025-11-28 05:00:00,278.85,492.01,320.12,233.22,177.0,647.95,430.17,313.08,53.65,826.04,206.92,25.74,1075.47,115.92,151.13,148.16,73.12,148.74,311.82,87.11,189.0,575.76,123.94,39.77,110.51
2025-12-01 05:00:00,283.1,486.74,315.12,233.88,179.92,640.87,430.14,308.92,53.24,810.86,205.34,25.27,1057.89,116.63,152.54,147.44,71.95,149.51,303.57,84.91,186.46,568.06,120.75,39.91,111.53
2025-12-02 05:00:00,286.19,490.0,316.02,234.42,181.46,647.1,429.24,307.88,53.19,815.21,205.42,25.15,1046.12,115.38,150.25,145.86,70.67,148.61,300.72,85.2,205.38,582.47,119.69,39.52,112.41
2025-12-03 05:00:00,284.15,477.73,320.62,232.38,179.59,639.6,446.74,312.13,54.09,836.57,205.33,25.57,1033.56,117.8,151.59,146.71,70.81,148.06,307.71,87.11,202.54,591.49,118.62,39.66,114.41
2025-12-04 05:00:00,280.7,480.84,318.39,229.11,183.38,661.53,454.53,316.1,54.16,837.83,202.48,25.7,1014.49,117.14,152.26,145.36,70.45,146.91,308.54,85.0,201.87,599.15,117.97,39.82,114.84
2025-12-05 05:00:00,278.78,483.16,322.09,229.53,182.41,673.42,455.0,315.04,53.95,854.56,201.93,26.03,1010.31,116.54,150.0,143.45,70.0,145.02,311.23,85.12,201.89,603.17,116.52,40.51,115.11
2025-12-08 05:00:00,277.89,491.02,314.45,226.89,185.55,666.8,439.58,315.21,53.9,866.69,201.62,25.77,997.59,115.98,148.71,138.34,70.25,145.63,309.79,83.41,206.27,596.5,115.22,40.58,113.56
2025-12-09 05:00:00,277.18,492.02,317.75,227.92,184.97,656.96,445.17,300.51,53.54,876.58,199.96,25.33,982.22,118.25,148.49,139.63,70.09,144.64,310.79,82.28,200.37,594.36,115.24,40.61,115.06
2025-12-10 05:00:00,278.78,478.56,321.0,231.78,183.78,650.13,451.45,310.11,54.08,889.24,206.54,25.78,993.64,119.54,151.41,139.82,70.21,149.7,310.53,83.85,198.72,615.35,114.0,40.96,113.18
2025-12-11 05:00:00,278.03,483.47,313.7,230.28,180.93,652.71,446.89,317.38,54.56,911.03,210.01,25.8,1009.38,119.54,150.72,140.76,69.11,149.04,309.71,84.74,200.71,625.61,114.39,41.49,115.52
2025-12-12 05:00:00,278.28,478.53,310.52,226.19,175.02,644.23,458.96,318.52,55.14,887.96,211.58,25.85,1027.51,118.82,149.99,142.84,70.52,150.65,316.72,85.35,204.38,597.89,115.3,40.93,116.7
2025-12-15 05:00:00,274.11,474.82,309.32,222.54,176.29,647.51,475.31,320.02,55.33,889.59,214.17,26.43,1062.19,117.76,149.8,145.13,70.97,151.22,318.73,85.4,205.5,589.76,116.73,40.61,116.79
2025-12-16 05:00:00,274.61,476.39,307.73,222.56,177.72,657.15,489.88,315.55,54.81,879.15,209.3,25.53,1054.29,114.68,146.75,145.21,70.37,150.37,314.5,85.08,206.71,588.93,115.59,40.45,115.42
2025-12-17 05:00:00,271.84,476.12,298.06,221.27,170.94,649.5,467.26,314.98,54.55,872.33,210.33,25.04,1041.79,117.41,149.52,147.81,70.67,150.08,318.69,85.21,206.33,561.89,117.43,40.6,115.66
2025-12-18 05:00:00,272.19,483.98,303.75,226.76,174.14,664.45,483.37,313.0,54.26,876.3,208.31,25.04,1056.88,116.54,147.69,145.52,70.36,149.37,319.65,89.42,208.27,565.83,117.55,40.51,114.83
2025-12-19 05:00:00,273.67,485.92,308.61,227.35,180.99,658.77,481.2,317.21,55.27,893.48,206.37,25.19,1071.44,116.69,147.75,144.46,70.06,148.16,315.84,88.33,214.08,576.22,115.56,41.26,114.36
2025-12-22 05:00:00,270.97,484.92,311.33,228.43,183.69,661.5,488.73,323.09,55.88,899.0,207.32,25.21,1076.48,118.15,149.8,142.69,70.21,147.05,316.22,86.17,216.84,582.41,116.3,41.48,112.6
2025-12-23 05:00:00,272.36,486.85,315.68,232.14,189.21,664.94,485.56,325.93,55.97,901.71,205.78,24.88,1071.64,119.42,150.51,143.18,69.87,143.68,310.84,83.86,216.85,582.42,116.79,41.04,110.9
2025-12-24 05:00:00,273.81,488.02,315.67,232.38,188.61,667.55,485.4,329.17,56.25,910.78,207.78,25.03,1076.98,119.22,150.5,144.49,70.11,143.74,313.33,84.57,218.16,583.76,117.48,41.07,111.61
2025-12-26 05:00:00,273.4,487.71,314.96,232.52,190.53,663.29,475.19,327.91,56.17,907.04,207.63,25.09,1077.75,119.11,150.02,144.74,69.87,143.78,310.68,85.08,216.44,583.0,117.18,41.26,111.74
2025-12-29 05:00:00,273.76,487.1,314.39,232.07,188.22,658.69,459.64,323.75,55.35,892.18,207.56,25.0,1078.73,120.53,150.99,144.57,70.16,144.24,308.53,85.57,217.25,578.61,117.52,40.89,112.53
2025-12-30 05:00:00,273.08,487.48,314.55,232.53,187.54,665.95,454.43,323.42,55.28,884.42,206.91,24.99,1079.75,120.99,152.31,144.05,70.07,144.16,308.03,85.25,218.5,577.39,117.68,40.68,111.92
2025-12-31 05:00:00,271.86,483.62,313.8,230.82,186.5,660.09,449.72,322.22,55.0,879.0,206.95,24.9,1074.68,120.34,152.41,143.31,69.91,143.52,305.63,84.21,217.12,572.87,117.21,40.2,111.41
2026-01-02 05:00:00,271.01,472.94,315.32,226.5,188.85,650.41,438.07,325.48,55.95,914.34,207.35,25.18,1080.36,122.65,155.9,141.79,69.12,142.23,303.26,83.97,227.77,598.41,117.44,40.87,112.76
2026-01-05 05:00:00,267.26,472.85,317.32,233.06,188.12,658.79,451.67,334.04,56.89,948.44,204.31,25.17,1041.51,125.36,163.85,140.37,67.94,139.92,299.86,86.56,228.13,616.1,116.81,42.01,112.71
2026-01-06 05:00:00,262.36,478.51,314.55,240.93,187.24,660.62,432.96,334.61,57.25,955.47,204.79,25.43,1064.04,121.05,156.54,139.91,67.84,138.96,302.77,89.46,229.84,623.09,117.74,43.44,114.34
2026-01-07 05:00:00,260.33,483.47,322.43,241.56,189.11,648.69,431.41,326.99,55.64,941.02,207.49,25.28,1108.09,118.49,155.2,138.04,67.54,137.01,304.16,86.69,228.12,596.52,116.19,43.23,112.72
2026-01-08 05:00:00,259.04,478.11,326.01,246.29,185.04,646.06,435.8,329.79,56.18,934.83,205.75,25.29,1085.19,122.91,159.25,141.53,69.37,139.37,308.88,88.18,227.38,608.13,117.32,43.4,113.07
2026-01-09 05:00:00,259.37,479.28,329.14,247.38,184.86,653.06,445.01,329.19,55.85,938.98,204.39,25.48,1063.56,124.61,162.11,141.87,70.51,139.91,307.32,88.88,234.53,617.62,116.8,43.81,114.53
2026-01-12 05:00:00,260.25,477.18,332.73,246.47,184.94,641.97,448.96,324.49,55.19,949.55,209.72,25.27,1081.0,124.03,162.34,143.46,70.5,141.36,306.75,89.96,239.81,629.77,116.71,43.43,117.97
2026-01-13 05:00:00,261.05,470.67,336.43,242.6,185.81,631.09,447.2,310.9,54.54,938.15,213.65,25.15,1077.19,126.54,163.87,144.24,71.24,143.48,309.44,90.56,244.55,636.53,117.39,43.79,120.36
2026-01-14 05:00:00,259.96,459.38,336.31,236.65,183.14,615.52,439.2,307.87,52.48,932.67,218.55,25.58,1073.29,130.2,167.24,146.35,71.44,145.92,308.13,91.15,242.61,638.75,118.68,42.89,120.04
2026-01-15 05:00:00,258.21,456.66,333.16,238.18,187.05,620.8,438.57,309.26,52.59,975.86,219.57,25.89,1032.97,129.13,166.16,144.63,70.48,146.57,308.62,93.28,247.74,647.18,118.9,43.39,119.2
2026-01-16 05:00:00,255.53,459.86,330.34,239.12,186.23,620.25,437.5,312.47,52.97,962.0,218.66,25.65,1038.4,129.89,166.26,144.53,70.44,146.32,307.43,92.99,247.68,646.89,119.22,42.86,119.7
2026-01-20 05:00:00,246.7,454.52,322.16,231.0,178.07,604.12,419.25,302.74,52.1,943.37,218.21,25.52,1041.29,130.46,165.3,147.0,71.75,147.66,302.84,93.66,249.0,629.0,119.55,42.28,118.71
2026-01-21 05:00:00,247.65,444.11,328.38,231.31,183.32,612.96,431.44,302.04,52.07,953.01,218.01,25.89,1078.52,133.61,166.73,146.06,72.01,146.74,305.69,96.43,250.07,645.38,119.37,43.38,119.36
2026-01-22 05:00:00,248.35,451.14,330.84,234.34,184.84,647.63,449.36,303.63,52.45,954.65,218.49,26.1,1087.38,133.64,166.66,149.93,71.87,144.4,306.03,95.83,251.41,648.41,117.71,43.79,117.83
2026-01-23 05:00:00,248.04,465.95,328.43,239.16,187.67,658.76,449.06,297.72,51.72,918.88,220.14,25.65,1064.29,134.97,166.72,150.15,72.88,144.58,309.25,97.62,252.15,626.62,117.43,44.14,117.73
2026-01-26 05:00:00,255.41,470.28,333.59,238.42,186.47,672.36,435.2,301.04,52.02,931.86,221.49,25.88,1062.75,134.84,167.5,149.49,72.56,145.87,312.95,96.33,248.43,635.92,118.78,44.2,117.64
2026-01-27 05:00:00,258.27,480.58,335.0,244.68,188.52,672.97,430.9,300.31,52.17,929.72,224.44,26.5,1039.51,136.83,169.05,148.34,73.55,148.78,314.13,95.72,244.56,638.91,120.29,44.61,116.94
2026-01-28 05:00:00,256.44,481.63,336.28,243.01,191.52,668.73,431.46,300.77,51.81,936.81,227.72,25.86,1023.8,137.58,169.93,147.34,73.06,148.5,312.8,95.16,241.59,643.28,120.24,44.63,116.57
2026-01-29 05:00:00,258.28,433.5,338.66,241.73,192.51,738.31,416.56,306.42,53.08,940.12,227.29,26.1,1024.14,140.51,171.19,149.9,73.43,148.69,315.51,93.88,234.04,665.24,120.89,44.6,117.41
2026-01-30 05:00:00,259.48,430.29,338.53,239.3,191.13,716.5,430.41,305.89,53.2,935.41,227.25,26.44,1037.15,141.4,176.9,151.77,74.81,153.63,315.0,91.95,233.72,657.36,121.35,43.92,119.14
2026-02-02 05:00:00,270.01,423.37,344.9,242.96,185.61,706.41,421.81,308.14,54.03,946.33,230.75,26.66,1044.13,138.4,174.03,153.19,75.33,155.2,318.53,91.69,233.02,690.91,119.49,44.43,124.06
2026-02-03 05:00:00,269.48,411.21,340.7,238.62,180.34,691.7,421.96,314.85,54.45,938.99,233.1,25.77,1003.46,143.73,178.04,155.32,76.89,162.85,319.48,93.04,233.15,702.89,121.67,45.3,127.71
2026-02-04 05:00:00,276.49,414.19,333.34,232.99,174.19,668.99,406.01,317.27,55.38,913.3,234.47,26.78,1107.12,147.59,181.23,156.87,77.35,166.18,323.69,96.97,235.95,691.82,122.21,47.83,128.0
2026-02-05 05:00:00,275.91,393.67,331.33,222.69,171.88,670.21,397.21,310.16,54.94,890.41,237.79,26.49,1020.84,146.08,179.23,158.61,78.51,167.53,323.48,96.07,236.95,678.31,123.41,45.68,126.94
2026-02-06 05:00:00,278.12,401.14,323.1,210.32,185.41,661.46,411.11,322.4,56.53,928.75,239.99,27.22,1058.18,149.05,180.86,159.17,79.03,170.49,327.16,99.45,243.03,726.2,121.86,46.73,131.18
2026-02-09 05:00:00,274.62,413.6,324.4,208.72,190.04,677.22,417.32,322.1,56.41,943.62,238.64,27.05,1044.67,151.21,182.6,157.33,77.97,166.47,325.6,98.98,244.71,742.12,121.72,47.1,129.02
